"gene","p_val","avg_log2FC","pct.1","pct.2","p_val_adj","cluster"
"Dlx6os1",0,3.09052847861513,0.939,0.248,0,1
"Arx",0,3.45054953076823,0.823,0.14,0,1
"Gad2",0,2.51193764177574,0.933,0.307,0,1
"Dlx2",0,2.41068850978544,0.872,0.253,0,1
"Dlx1as",0,3.14837245871365,0.775,0.166,0,1
"Dlx1",0,2.02077145094105,0.822,0.263,0,1
"Dlx5",0,2.41183221200328,0.699,0.192,0,1
"Gm14204",0,2.25311091402088,0.717,0.217,0,1
"Sp9",0,3.57986710745325,0.565,0.066,0,1
"Gad1",0,1.80297103933704,0.623,0.223,0,1
"St18",0,1.85489091435388,0.683,0.323,0,1
"Igfbpl1",0,1.30527125520913,0.948,0.621,0,1
"Grik3",0,1.59524657612433,0.554,0.264,0,1
"Foxg1",0,2.46888623270144,0.414,0.129,0,1
"Zic1",0,1.62219626239138,0.507,0.23,0,1
"Nrxn3",0,2.05727761580355,1,0.723,0,1
"Nr2f1",0,1.49543580871459,0.748,0.472,0,1
"Slc32a1",0,1.7030783509766,0.427,0.152,0,1
"Cd1d1",0,2.01225782115163,0.437,0.17,0,1
"Trp53i11",0,1.45248315178273,0.633,0.387,0,1
"Nr2f2",0,1.40745526473578,0.874,0.629,0,1
"Erbb4",0,1.95548057123113,0.774,0.535,0,1
"Nudt4",0,1.80426765640923,0.544,0.309,0,1
"Mir124-2hg",0,1.31190689861796,0.51,0.297,0,1
"Sox2ot",0,1.26800626094754,0.949,0.743,0,1
"Meis1",0,1.53084734671299,0.376,0.171,0,1
"Phf21b",0,1.42099934490676,0.438,0.241,0,1
"Vax1",0,2.15423137899678,0.288,0.097,0,1
"Mir124a-1hg",0,1.44539869275264,0.39,0.204,0,1
"Gstm7",0,1.29294758107004,0.492,0.308,0,1
"Pcsk5",0,1.74732276912074,0.36,0.182,0,1
"Zic2",0,1.85797192735782,0.283,0.109,0,1
"Gm17750",0,1.92839498456168,0.319,0.146,0,1
"Dlx6",0,1.48626388356537,0.289,0.119,0,1
"Prox1os",0,1.75880086579004,0.279,0.115,0,1
"Sox11",0,1.30092644562519,0.996,0.912,0,1
"A830082K12Rik",3.12565106439167e-305,1.36944828891208,0.415,0.237,1.26945192329203e-300,1
"Shb",3.54555823747102e-274,1.42810435933646,0.33,0.171,1.43999302256648e-269,1
"Tmem169",1.22637763689965e-269,1.49398011528971,0.314,0.16,4.98081013450423e-265,1
"B130024G19Rik",3.24879623990767e-268,1.34320453152673,0.388,0.218,1.3194661048761e-263,1
"Meis2",1.99942661989038e-262,1.36881774765584,0.35,0.188,8.12047127402279e-258,1
"Frat2",1.46390555957803e-260,1.30045120500748,0.41,0.249,5.94550603967022e-256,1
"Dmrtb1",9.51725851701696e-238,1.45025577986003,0.296,0.153,3.86533937410127e-233,1
"Gm42992",1.18127547310733e-236,1.35927081830284,0.297,0.153,4.79763220647812e-232,1
"H2bc4",6.71475778893928e-230,1.48450505790447,0.443,0.296,2.7271317283998e-225,1
"H1f2",9.5924497499582e-190,1.59347275997254,0.337,0.207,3.89587754144802e-185,1
"Calb1",1.6235433729518e-182,1.27786851860541,0.337,0.2,6.59385905490642e-178,1
"Slit1",1.15686939610751e-171,1.30653956985396,0.314,0.191,4.69850936535106e-167,1
"Ripor2",1.09266478093078e-154,1.63864468810301,0.252,0.142,4.43774874127227e-150,1
"Pnoc",5.09803106255693e-121,1.35510166219533,0.256,0.157,2.07051433574687e-116,1
"Hmx2",0,2.69257048521348,0.546,0.098,0,2
"Zcchc12",0,1.85350160134035,0.845,0.404,0,2
"Tmem130",0,1.31269973712583,0.84,0.4,0,2
"Cacna2d3",0,1.89132654326052,0.724,0.305,0,2
"Isl1",0,1.21983313327383,0.759,0.349,0,2
"Caly",0,1.3983631736517,0.775,0.374,0,2
"Lingo2",0,1.46781565297975,0.783,0.392,0,2
"Hap1",0,1.35632589856964,0.893,0.502,0,2
"Rit2",0,1.35375862412969,0.655,0.267,0,2
"AW551984",0,1.65425430862205,0.623,0.237,0,2
"Chd5",0,1.46297051433186,0.636,0.254,0,2
"Hmx3",0,2.34908158539705,0.457,0.085,0,2
"Rnf227",0,1.20564294107903,0.867,0.504,0,2
"Celf6",0,1.41038580536091,0.635,0.277,0,2
"Nyap2",0,1.23530598012096,0.713,0.398,0,2
"Ecel1",0,2.19436835175623,0.402,0.09,0,2
"Asb4",0,1.560684913449,0.538,0.234,0,2
"Resp18",0,1.23437468936206,0.646,0.343,0,2
"Minar2",0,1.2073230230065,0.745,0.444,0,2
"Syt5",0,1.26522651831384,0.565,0.266,0,2
"Nexmif",0,1.18848477615815,0.741,0.443,0,2
"Peg10",0,1.15794476832974,0.636,0.344,0,2
"Slc32a1",0,1.29843328077039,0.441,0.153,0,2
"Nap1l5",0,1.59343019506687,0.877,0.591,0,2
"Pnck",0,1.4430738459574,0.494,0.209,0,2
"B230209E15Rik",0,1.42567893399951,0.416,0.132,0,2
"Gm28905",0,1.36597212079529,0.452,0.173,0,2
"Ntng1",0,1.64597089991403,0.48,0.201,0,2
"Scg2",0,1.3828209296325,0.49,0.216,0,2
"Gck",0,1.71759516161673,0.386,0.125,0,2
"Gabra5",0,1.54697143383812,0.382,0.129,0,2
"Eef1a2",0,1.34560070789265,0.422,0.182,0,2
"Rgs4",0,1.54637720184756,0.361,0.123,0,2
"Nrsn1",0,1.29669323982939,0.422,0.186,0,2
"Cited1",0,1.51079338676965,0.373,0.143,0,2
"Pcdh7",0,1.13192456462589,0.713,0.486,0,2
"Lonrf2",0,1.18816480156577,0.478,0.252,0,2
"Slc12a5",0,1.21401828670242,0.375,0.15,0,2
"1500035N22Rik",0,1.52030890724241,0.332,0.112,0,2
"Scml4",0,1.25747199949695,0.367,0.148,0,2
"Camk2b",0,1.21547483801145,0.372,0.16,0,2
"Slc7a14",0,1.51036332038487,0.321,0.119,0,2
"Baiap3",0,1.8444061111605,0.26,0.064,0,2
"Fstl4",0,1.55465129324752,0.298,0.103,0,2
"Bub3",0,1.18062039343609,0.771,0.58,0,2
"5330417C22Rik",0,1.21671321918387,0.279,0.105,0,2
"Prox1os",3.22326128350405e-288,1.43770687935415,0.278,0.117,1.30909533768233e-283,2
"Vstm2l",1.02952528245102e-270,1.19207260832143,0.327,0.15,4.18131398214657e-266,2
"Zim1",4.47157857235679e-246,1.14127076961102,0.289,0.129,1.81608692137699e-241,2
"Ppp2r2c",5.21956588133629e-223,1.13094715116687,0.26,0.115,2.11987448704592e-218,2
"Cbln1",0,3.37063378320765,0.836,0.117,0,3
"Gm2694",0,2.91370231894901,0.896,0.2,0,3
"Car10",0,2.49576149126074,0.807,0.173,0,3
"Chchd10",0,2.90721669755589,0.762,0.165,0,3
"Sox14",0,3.28045422192231,0.645,0.065,0,3
"Plp1",0,2.72400625596238,0.693,0.139,0,3
"Fezf1",0,2.76001572119479,0.653,0.123,0,3
"Rbfox1",0,2.68389350096185,0.982,0.456,0,3
"Slc17a6",0,1.69607918740838,0.705,0.188,0,3
"Tmem35a",0,2.23444460219187,0.784,0.287,0,3
"Nptx2",0,2.87975376332071,0.58,0.1,0,3
"Syt4",0,1.88552834632998,0.761,0.284,0,3
"Robo2",0,1.51078891562614,0.87,0.4,0,3
"Cnr1",0,1.8608523599822,0.704,0.243,0,3
"Rac3",0,1.69711886902337,0.813,0.369,0,3
"Snca",0,2.74790319357832,0.634,0.207,0,3
"Fxyd7",0,1.85138619377065,0.626,0.207,0,3
"C130093G08Rik",0,1.98918673165073,0.546,0.137,0,3
"Slit3",0,2.44942247081584,0.522,0.123,0,3
"Gap43",0,1.59563154267306,0.995,0.615,0,3
"C130073E24Rik",0,1.5928605855049,0.592,0.217,0,3
"Btbd11",0,1.96250905473236,0.515,0.151,0,3
"Vstm2a",0,2.55875818832889,0.441,0.081,0,3
"S100a10",0,2.69907801570419,0.561,0.207,0,3
"Ldb2",0,1.48208323169175,0.592,0.249,0,3
"Ptprm",0,1.4470649501802,0.638,0.299,0,3
"Mgst3",0,1.46319653390634,0.658,0.325,0,3
"Arhgdig",0,2.11715609786042,0.452,0.119,0,3
"Akap12",0,1.6495861434367,0.5,0.174,0,3
"Isyna1",0,1.52296073269302,0.532,0.208,0,3
"Gabra5",0,1.72633910473212,0.443,0.126,0,3
"Camkv",0,3.06787502026729,0.364,0.051,0,3
"Gpr149",0,3.70714380847591,0.331,0.026,0,3
"Tenm2",0,1.7236880432605,0.967,0.668,0,3
"Satb2",0,2.1079583423782,0.388,0.092,0,3
"Cadps2",0,1.64994380959174,0.463,0.17,0,3
"9130024F11Rik",0,2.68788271912725,0.339,0.05,0,3
"Glra2",0,1.79658142011665,0.374,0.091,0,3
"Ppp2r2c",0,1.74831530398733,0.391,0.109,0,3
"Nr5a1",0,3.41609736186492,0.306,0.024,0,3
"Adcyap1",0,2.53898399780638,0.331,0.053,0,3
"Nt5dc3",0,2.36378223139749,0.303,0.058,0,3
"Zfp385b",0,1.72261879978982,0.321,0.078,0,3
"Hs3st5",0,1.85953700630936,0.37,0.132,0,3
"D430036J16Rik",0,3.89859691323937,0.25,0.017,0,3
"Gpr176",0,2.00243346340804,0.285,0.064,0,3
"Gm45323",0,1.68351104377465,0.298,0.078,0,3
"Pdzd2",0,2.03598849525215,0.298,0.081,0,3
"Cgref1",0,1.45718216216057,0.299,0.096,0,3
"Chrna4",0,1.51530686976315,0.258,0.086,0,3
"Nkx2-1",0,1.47658172265004,0.835,0.383,0,4
"Sfta3-ps",0,1.35746791931618,0.815,0.366,0,4
"Gm38505",0,1.67307797138787,0.651,0.25,0,4
"Lef1",0,2.71280204295561,0.538,0.143,0,4
"Dach1",0,1.60478462193866,0.814,0.437,0,4
"Insm1",0,1.50994508656805,0.647,0.271,0,4
"Nkx2-4",0,1.254982157437,0.637,0.261,0,4
"Sox1ot",0,1.37368019892511,0.804,0.442,0,4
"Crb1",0,1.40360520831226,0.671,0.325,0,4
"Isl1",0,1.39299092132555,0.682,0.355,0,4
"Sox21",0,2.03809522553136,0.495,0.169,0,4
"Magel2",0,1.34048980148024,0.686,0.369,0,4
"Peg10",0,1.4119708365479,0.656,0.344,0,4
"Thsd4",0,2.0866834061529,0.426,0.131,0,4
"Fli1",0,3.02170027908346,0.349,0.061,0,4
"Ass1",0,2.68137202908441,0.332,0.074,0,4
"Tbx3",0,1.96046466823463,0.347,0.101,0,4
"Bsx",0,2.61111291389193,0.297,0.054,0,4
"Sox2ot",0,1.38927083365419,0.979,0.743,0,4
"Cnr1",0,1.1225648414376,0.491,0.255,0,4
"Tox",0,1.19536770473092,0.926,0.691,0,4
"Ucp2",0,1.34112019015085,0.453,0.228,0,4
"Gpc4",0,1.60945514108697,0.386,0.164,0,4
"Ryr3",0,1.61011183401036,0.486,0.274,0,4
"Zim1",0,1.65222197630443,0.336,0.128,0,4
"Ppp1r17",0,1.47393163636128,0.331,0.132,0,4
"Efna5",0,1.20979577354814,0.976,0.79,0,4
"Cntn3",0,2.36481237264743,0.305,0.125,0,4
"mt-Nd4l",0,1.64515519576644,0.281,0.109,0,4
"Peg3",0,1.09520545100307,0.962,0.804,0,4
"Zbtb20",0,1.20046447970344,0.991,0.902,0,4
"Cdh7",3.06805068648395e-274,1.55728842661263,0.259,0.104,1.24605810580859e-269,4
"Rbms1",1.65853472639259e-272,1.47267934362261,0.424,0.233,6.73597293777088e-268,4
"4930483P17Rik",6.09939033936513e-270,1.30228631769722,0.325,0.149,2.47720639242975e-265,4
"Sulf1",4.28067851889265e-265,1.10239623944156,0.418,0.22,1.73855477366306e-260,4
"Hs6st2",1.61425223505205e-257,1.3137178545134,0.389,0.202,6.55612402744041e-253,4
"Cox16",7.45817326907117e-257,1.38892842650067,0.328,0.157,3.02906249150056e-252,4
"Sox3",6.79387933637418e-211,1.18687474167868,0.42,0.247,2.75926615367501e-206,4
"Atp5g2",1.10133285079561e-209,1.15919004218791,0.398,0.232,4.4729532402213e-205,4
"Hs6st3",2.55574548313159e-203,1.16412187386106,0.405,0.23,1.03799047051906e-198,4
"Ube2s",5.43609023250866e-196,1.15309616268924,0.333,0.18,2.20781368703107e-191,4
"Adnp",7.73200864097046e-194,1.28531676138218,0.285,0.142,3.14027798944374e-189,4
"Rbm4",8.97886601007975e-189,1.22080988314494,0.28,0.138,3.64667664133379e-184,4
"Pik3r3",4.65325798253455e-181,1.11317515428416,0.414,0.254,1.88987419702658e-176,4
"Ezr",6.47088277504467e-174,1.08895546254218,0.286,0.145,2.62808433025664e-169,4
"Gm8797",3.64828366984572e-149,1.09131733350133,0.251,0.128,1.48171392967114e-144,4
"Rps6ka5",9.89386903763017e-126,1.09321389496909,0.41,0.281,4.01829597094312e-121,4
"mt-Atp6",4.57099475889656e-45,1.20167648145215,0.818,0.808,1.85646381137825e-40,4
"mt-Co2",6.38926526476505e-39,1.33919406178161,0.62,0.623,2.59493619463168e-34,4
"mt-Co3",1.55154446873748e-35,1.36788738346785,0.662,0.665,6.30144270533039e-31,4
"Otp",0,2.31321792229646,0.786,0.198,0,5
"Snhg11",0,1.57610154056609,0.85,0.287,0,5
"Sim1",0,1.81098751729,0.667,0.118,0,5
"Cntnap2",0,2.3345054615862,0.953,0.42,0,5
"Resp18",0,1.91774055755105,0.851,0.334,0,5
"Uncx",0,1.9679740857688,0.614,0.115,0,5
"Rac3",0,1.91235107073433,0.864,0.367,0,5
"Sgcz",0,1.77605524788933,0.826,0.344,0,5
"Nrn1",0,2.11903637656057,0.542,0.09,0,5
"Nefl",0,2.06513923438089,0.63,0.192,0,5
"Car10",0,2.11902944365395,0.611,0.185,0,5
"Cbln1",0,2.76479011410616,0.547,0.133,0,5
"Fxyd7",0,1.9183903026979,0.609,0.209,0,5
"Fam189a1",0,1.7346007101739,0.604,0.222,0,5
"Cacng2",0,1.85792527787682,0.558,0.181,0,5
"Syt4",0,1.79488319754543,0.655,0.29,0,5
"Dusp26",0,1.63975073019961,0.586,0.221,0,5
"Tmem158",0,2.36508329205233,0.553,0.189,0,5
"Gm2694",0,2.43077233455971,0.582,0.218,0,5
"Unc13c",0,3.4475546104906,0.403,0.044,0,5
"Syndig1",0,2.62511839667537,0.415,0.079,0,5
"Eef1a2",0,1.59262547687147,0.501,0.179,0,5
"Calb2",0,3.64625042084645,0.38,0.059,0,5
"Rab3b",0,1.66567565568101,0.508,0.19,0,5
"Mdga1",0,2.09077198687342,0.439,0.125,0,5
"Arhgdig",0,2.12152582292212,0.418,0.121,0,5
"Sncb",0,2.59431096936216,0.359,0.073,0,5
"C130093G08Rik",0,2.07663028904358,0.428,0.144,0,5
"Rgs4",0,2.41522773320316,0.401,0.122,0,5
"Grin2a",0,1.75370684323314,0.378,0.1,0,5
"Chst8",0,1.74931284529025,0.372,0.096,0,5
"Ebf1",0,2.36902020441325,0.378,0.102,0,5
"Cntnap5b",0,2.15345266334559,0.375,0.113,0,5
"Golga7b",0,1.58887562705124,0.354,0.115,0,5
"Fezf1",0,1.72185510593317,0.376,0.139,0,5
"Ppp2r2c",0,1.64926301267611,0.347,0.112,0,5
"2700069I18Rik",0,1.68479699703466,0.393,0.163,0,5
"Cbln2",0,3.13579999352185,0.277,0.055,0,5
"Arhgap24",0,1.62784353113524,0.326,0.107,0,5
"Vwc2l",0,1.97306438735645,0.262,0.048,0,5
"Adap1",0,2.19989021771524,0.271,0.057,0,5
"Crtac1",0,1.65715041816036,0.369,0.155,0,5
"Cgref1",0,1.68863676983276,0.307,0.096,0,5
"Clec2l",0,1.76250812948718,0.295,0.091,0,5
"Ak5",0,1.71141230235045,0.269,0.077,0,5
"Rell2",0,1.80506951409285,0.257,0.071,0,5
"Vsnl1",0,1.73586048593072,0.273,0.092,0,5
"Car11",0,1.63108415845569,0.261,0.085,0,5
"Asic1",0,1.66355953218164,0.254,0.083,0,5
"Onecut2",7.99158982523429e-249,1.61738410451815,0.461,0.272,3.24570429162065e-244,5
"Otp",0,3.54403733702166,0.899,0.193,0,6
"Sim1",0,2.91343168086372,0.811,0.111,0,6
"Uncx",0,2.9067203443196,0.799,0.106,0,6
"Nrn1",0,3.1465947222973,0.67,0.084,0,6
"Slc17a6",0,1.89530602162365,0.723,0.189,0,6
"C130093G08Rik",0,2.77197142454795,0.658,0.132,0,6
"Nhlh2",0,1.7179431437231,0.718,0.197,0,6
"Tmem163",0,1.51684119873253,0.777,0.266,0,6
"Nxph4",0,2.67138253621155,0.571,0.076,0,6
"Chst8",0,3.03752610147757,0.578,0.086,0,6
"Fezf1",0,2.57881003836182,0.599,0.128,0,6
"Rgmb",0,2.1660898476311,0.738,0.267,0,6
"Gm2694",0,2.11067002938149,0.672,0.214,0,6
"Cxxc5",0,1.56938080913728,0.771,0.341,0,6
"Ebf3",0,2.47849788064968,0.47,0.067,0,6
"Nkain3",0,1.42797764518126,0.847,0.451,0,6
"Ebf1",0,2.10338340861931,0.48,0.097,0,6
"Lhx5",0,1.69266614984256,0.549,0.178,0,6
"Zic1",0,1.71978983171543,0.594,0.229,0,6
"Crtac1",0,2.07131194219676,0.502,0.149,0,6
"Gm27199",0,1.4299367011552,0.528,0.183,0,6
"Cbln1",0,1.70849924087658,0.477,0.137,0,6
"Crabp2",0,3.15840860924476,0.464,0.13,0,6
"Neurod1",0,2.03541633317674,0.426,0.092,0,6
"Cntn2",0,2.77603133495735,0.378,0.057,0,6
"Cartpt",0,4.4735828228634,0.375,0.056,0,6
"Zic2",0,1.93794723174436,0.408,0.105,0,6
"Nefm",0,1.97892526471972,0.473,0.182,0,6
"Arfgef3",0,1.41290377520586,0.499,0.209,0,6
"Mdga1",0,1.66692742820989,0.416,0.126,0,6
"Fam189a1",0,1.37129278584444,0.513,0.227,0,6
"Arxes2",0,1.53528142954942,0.774,0.504,0,6
"Zic3",0,1.99831047819887,0.35,0.08,0,6
"Cbfa2t3",0,1.48371043907737,0.423,0.155,0,6
"Pex5l",0,1.37605192204333,0.414,0.152,0,6
"Syndig1",0,2.54486898171217,0.344,0.083,0,6
"Klhl32",0,1.40901892104037,0.519,0.266,0,6
"Zic5",0,1.98121661251255,0.341,0.091,0,6
"Zic4",0,1.51646406156033,0.36,0.12,0,6
"Plk2",0,1.5305312908422,0.413,0.177,0,6
"Rxrg",0,2.72991535548323,0.27,0.047,0,6
"Bhlhe22",0,2.285276683198,0.261,0.045,0,6
"Homer2",0,1.75124279539658,0.356,0.144,0,6
"Adcyap1",0,2.07470925900479,0.263,0.057,0,6
"Mfap4",0,1.49180473200362,0.306,0.101,0,6
"Ebf2",0,1.79712465454077,0.256,0.065,0,6
"A730020E08Rik",0,1.78968619074155,0.255,0.07,0,6
"Tbca",0,1.55195718682064,0.968,0.815,0,6
"Nnat",0,1.56681004600263,1,0.985,0,6
"Asns",6.24579909587063e-203,1.93031510850234,0.273,0.132,2.5366688447969e-198,6
"Gad2",0,1.7361015130433,0.894,0.32,0,7
"Dlx1",0,1.25440423908441,0.702,0.278,0,7
"Islr2",0,1.62411459562101,0.713,0.334,0,7
"Arx",0,1.58167653269914,0.537,0.166,0,7
"Gad1",0,1.54428418519863,0.596,0.231,0,7
"Gm14204",0,1.4416802816833,0.593,0.232,0,7
"Mir124-2hg",0,1.48298909650152,0.639,0.294,0,7
"Myt1l",0,1.08667725695737,0.938,0.608,0,7
"Vstm2l",0,2.24985894145743,0.471,0.146,0,7
"Mapt",0,1.08125404373896,0.975,0.658,0,7
"Ina",0,1.04801288581296,0.948,0.645,0,7
"C1qtnf4",0,1.19047042556779,0.716,0.418,0,7
"Actl6b",0,1.12028022267977,0.705,0.43,0,7
"Rgs2",0,2.18033710937317,0.52,0.249,0,7
"Slc32a1",0,1.62870219727883,0.428,0.157,0,7
"Nrxn3",0,1.08166426825839,0.999,0.728,0,7
"Dlx6",0,1.8961583108126,0.378,0.118,0,7
"Pou6f2",0,2.98176842609075,0.338,0.096,0,7
"Sp9",0,1.63740470165118,0.315,0.086,0,7
"Cd24a",0,1.07108770460714,0.948,0.721,0,7
"Samd5",0,1.3758524664321,0.418,0.195,0,7
"Fam57b",0,1.17467611476878,0.565,0.347,0,7
"Dpf1",0,1.24705475259079,0.529,0.315,0,7
"Nova1",0,1.07596583625635,0.725,0.521,0,7
"Kif5c",0,1.03268035814102,0.95,0.751,0,7
"Ecel1",0,1.79930262850643,0.288,0.099,0,7
"Ddc",6.65393597283566e-296,1.8439733251075,0.261,0.097,2.70242955600747e-291,7
"Lrfn5",8.92361381083403e-275,1.23727308107491,0.412,0.205,3.62423651313213e-270,7
"Sh3bp5",8.67761932856435e-261,1.02064978872646,0.585,0.387,3.52432831410313e-256,7
"Tmeff2",5.25874727929433e-255,1.04845111045809,0.517,0.306,2.1357876200126e-250,7
"Meis2",1.07375684841884e-248,2.49455351596489,0.354,0.191,4.36095606416828e-244,7
"Trhde",1.05354649117019e-244,1.54530111618249,0.335,0.159,4.2788737192386e-240,7
"A230103L15Rik",2.76883808882786e-244,1.21001605803314,0.333,0.155,1.12453590139655e-239,7
"Dmrtb1",7.63718799944715e-209,1.38624930956573,0.314,0.155,3.10176753409547e-204,7
"Pbx3",2.60308811068062e-201,1.62723950746536,0.502,0.345,1.05721820527183e-196,7
"Foxg1",5.36386107041827e-200,1.28590990250893,0.296,0.14,2.17847853513967e-195,7
"Cacnb3",2.94836385070703e-197,1.06968232165673,0.482,0.314,1.19744849432615e-192,7
"Cacna2d3",3.04116291060295e-191,1.14044114845797,0.489,0.32,1.23513790451228e-186,7
"Esrrg",1.4346844074837e-188,1.64282468806031,0.354,0.199,5.82682725255431e-184,7
"Shtn1",6.46901266546237e-184,1.08249795044486,0.595,0.446,2.62732480395089e-179,7
"Cacng2",8.06041848390319e-175,1.09549169522833,0.349,0.193,3.27365836305244e-170,7
"Plcb1",3.21001009704782e-169,1.14736909470407,0.573,0.429,1.303713500815e-164,7
"Cacna2d2",1.39876197541603e-143,1.03639751119936,0.369,0.229,5.68093188695465e-139,7
"Nanos1",3.65579727755165e-142,1.42140785275911,0.258,0.136,1.48476550630483e-137,7
"Pnoc",4.87319343140291e-136,1.22313481572962,0.285,0.157,1.97919878022998e-131,7
"Zfp804a",3.80788091325638e-119,1.07725199016823,0.314,0.185,1.54653275410994e-114,7
"Rftn1",1.71527579416621e-108,1.0981342253256,0.277,0.162,6.96642111042664e-104,7
"Mtus2",5.28209295480328e-108,1.0539764207331,0.292,0.177,2.1452692326638e-103,7
"Ano4",5.58076188538872e-100,1.06495002563164,0.255,0.149,2.26657063213178e-95,7
"Rnf208",1.42075797889365e-64,1.01543906572864,0.253,0.17,5.77026645547865e-60,7
"C1qtnf4",0,1.52990025504891,0.828,0.414,0,8
"Six6",0,2.19256763682639,0.557,0.158,0,8
"Arx",0,1.68323952942431,0.563,0.166,0,8
"Zic1",0,1.53455002934476,0.616,0.231,0,8
"Snhg11",0,1.56068103925879,0.675,0.299,0,8
"Dlx6",0,2.21451938244908,0.478,0.114,0,8
"Gad1",0,1.53663829036069,0.593,0.232,0,8
"D930028M14Rik",0,3.2879231107484,0.442,0.098,0,8
"Rftn1",0,2.06089683131448,0.495,0.153,0,8
"Ddc",0,3.21204200900389,0.426,0.091,0,8
"Nxph1",0,1.64314212323979,0.607,0.273,0,8
"Scg2",0,2.94365327285182,0.543,0.218,0,8
"Slc32a1",0,1.66910959768396,0.467,0.156,0,8
"Samd5",0,1.46079349788236,0.496,0.193,0,8
"Lhx1os",0,2.31094808333196,0.419,0.126,0,8
"Scn9a",0,1.50447549132264,0.509,0.225,0,8
"Vstm2l",0,1.829900234892,0.427,0.149,0,8
"Rit2",0,1.79529949660337,0.551,0.277,0,8
"Onecut2",0,2.2063527164642,0.544,0.27,0,8
"4930447C04Rik",0,2.07619494406756,0.39,0.12,0,8
"Gm16551",0,4.41164727988792,0.291,0.025,0,8
"A230006K03Rik",0,1.45240611830672,0.389,0.145,0,8
"Lhx1",0,1.72795347731671,0.36,0.122,0,8
"Zic4",0,1.67084765024802,0.358,0.122,0,8
"Rasgrf2",0,2.40147880740902,0.307,0.083,0,8
"Nrsn2",0,1.45991955895216,0.455,0.232,0,8
"Cdh18",0,1.81649444778362,0.357,0.136,0,8
"Thsd7b",0,2.02054345620899,0.364,0.149,0,8
"Lingo1",0,1.70486518591777,0.383,0.171,0,8
"Vgf",0,2.79584542821893,0.276,0.074,0,8
"Col25a1",0,2.04397733042785,0.267,0.088,0,8
"Ptprd",0,1.56035319595262,0.978,0.826,0,8
"B630019K06Rik",8.25338353483952e-297,1.66434313741559,0.456,0.248,3.35202918883972e-292,8
"Rab3b",2.97422963208321e-292,1.86938404893899,0.396,0.198,1.20795362277428e-287,8
"Trhde",4.30392603992137e-291,1.90819200150566,0.358,0.158,1.74799652185366e-286,8
"Pde7b",2.45050202969561e-270,1.48327621884876,0.414,0.204,9.95246894340576e-266,8
"Prkd1",1.780681047073e-259,1.71941139433657,0.463,0.267,7.2320580045823e-255,8
"Tmem59l",4.07829767549325e-245,1.52146750494469,0.3,0.129,1.65635981792483e-240,8
"Chst1",7.14524906362486e-239,1.55644284701791,0.305,0.136,2.9019714547006e-234,8
"Plppr4",6.77598526820283e-226,1.51945512001006,0.321,0.153,2.7519986568279e-221,8
"Pnoc",9.28919780526897e-224,1.72946639067536,0.323,0.156,3.77271479663194e-219,8
"Ptprn",2.03068217371484e-205,1.55798342523749,0.335,0.172,8.24741258032543e-201,8
"Inpp4b",1.42521331429823e-203,1.53632509887174,0.295,0.137,5.78836135469084e-199,8
"Rgs10",4.40651407988843e-186,1.55887018826166,0.276,0.128,1.78966162840589e-181,8
"Grik1",3.75268415754558e-185,1.68283485321228,0.315,0.159,1.52411514374556e-180,8
"Rorb",5.92633262614689e-170,1.61272240924596,0.591,0.467,2.4069207327833e-165,8
"Tshz3",3.28727333070533e-150,1.46883380925547,0.266,0.134,1.33509319053266e-145,8
"Cadps2",1.22627649779018e-137,1.63807898781715,0.313,0.18,4.98039936812503e-133,8
"Nrg1",1.24178711439823e-80,1.91197986308426,0.575,0.506,5.04339418641697e-76,8
"Hdac9",1.06020102277086e-57,1.49239846606567,0.394,0.321,4.30590043388155e-53,8
"Gad2",0,2.27428059338939,0.934,0.323,0,9
"Dlx2",0,1.7335619942691,0.805,0.271,0,9
"Dlx6os1",0,1.47476169345756,0.778,0.271,0,9
"Dlx5",0,2.27293415357503,0.694,0.205,0,9
"Dlx1",0,1.48267971005802,0.763,0.279,0,9
"Gm14204",0,1.96770895904677,0.684,0.231,0,9
"Arx",0,2.00816293522327,0.614,0.165,0,9
"Islr2",0,1.67163359805004,0.764,0.335,0,9
"Mir124-2hg",0,1.97717931906881,0.716,0.294,0,9
"Gad1",0,1.57226548283079,0.616,0.233,0,9
"Shtn1",0,1.93751738147845,0.818,0.439,0,9
"Dlx1as",0,1.34945335935841,0.538,0.19,0,9
"Ina",0,1.26006312615113,0.976,0.646,0,9
"Grik3",0,1.54109018543221,0.575,0.27,0,9
"Slc32a1",0,1.83092482516206,0.461,0.158,0,9
"Thsd7a",0,1.64924523514674,0.783,0.484,0,9
"Sp9",0,2.17642410741991,0.381,0.085,0,9
"Dlx6",0,2.21367270480436,0.407,0.118,0,9
"Zic1",0,1.36295680029915,0.514,0.236,0,9
"Ddc",0,2.29282933275518,0.365,0.095,0,9
"Nrxn3",0,1.57208364601093,1,0.73,0,9
"Trhde",0,2.3198639974908,0.42,0.157,0,9
"Zfhx3",0,1.30622155534195,0.907,0.653,0,9
"Meis2",0,3.2358371856729,0.431,0.189,0,9
"Dmrtb1",0,1.81595020107469,0.39,0.153,0,9
"Vax1",0,2.25174386426059,0.328,0.1,0,9
"Zfhx2",0,1.30741945214727,0.614,0.389,0,9
"Esrrg",0,2.09765982551669,0.42,0.198,0,9
"Zfp503",0,2.36747164050407,0.338,0.136,0,9
"Snap25",0,1.3669514243685,0.792,0.595,0,9
"Pou6f2",0,2.71048649552603,0.294,0.099,0,9
"Ecel1",1.382862697128e-305,1.7813022136864,0.285,0.1,5.61635855811564e-301,9
"Gstm7",1.03119396101282e-269,1.35313696356313,0.525,0.311,4.18809115325745e-265,9
"Zic2",3.21327539827319e-260,1.70889915826707,0.292,0.113,1.30503967025467e-255,9
"Zfp423",9.46590574959754e-249,1.37579367534453,0.504,0.302,3.84448296114154e-244,9
"Egfem1",1.00253911415271e-245,1.26918067735795,0.622,0.416,4.07171235821982e-241,9
"Rgs2",1.74341515007085e-244,1.59531995498074,0.455,0.253,7.08070629049773e-240,9
"Vstm2l",1.83991802848662e-242,1.48983842159852,0.343,0.153,7.47264308089557e-238,9
"Rftn1",1.10663624699866e-215,1.50429315731726,0.338,0.161,4.49449245356037e-211,9
"Slitrk1",2.09633738229234e-160,1.53935989984473,0.292,0.147,8.51406464444212e-156,9
"Mtus2",7.14921638211603e-157,1.48054057755392,0.326,0.176,2.90358274143261e-152,9
"Dact1",1.48422634860027e-132,1.49258902669363,0.271,0.14,6.02803689220515e-128,9
"Lemd1",2.38679452207538e-128,1.30533092332759,0.318,0.18,9.69372727195695e-124,9
"Gm27032",9.62874976359854e-120,1.36975117992444,0.294,0.165,3.91062042898791e-115,9
"Pcsk5",5.35683940919943e-116,1.36127876725703,0.321,0.188,2.17562675765225e-111,9
"Kif26a",6.78307875451173e-110,1.33676286868144,0.257,0.139,2.75487960535739e-105,9
"Cpeb2",2.62989420066811e-103,1.26851650264562,0.343,0.221,1.06810523065934e-98,9
"Pnoc",7.85691541625446e-102,1.26541533371182,0.278,0.158,3.19100762715759e-97,9
"Six6",7.64938771386894e-80,1.61148443632696,0.271,0.17,3.10672232611073e-75,9
"Pbx3",1.80494277942461e-74,1.3226367121575,0.446,0.348,7.33059460435512e-70,9
"Snhg11",0,3.36919780613256,0.818,0.296,0,10
"Dlg2",0,2.99718148027263,0.901,0.485,0,10
"Gabrb1",0,3.13990948292491,0.646,0.246,0,10
"Galntl6",0,3.48475582089667,0.599,0.227,0,10
"9330162G02Rik",0,2.99287391545492,0.721,0.361,0,10
"Lrfn5",0,3.42678300223921,0.545,0.202,0,10
"Gabrg3",0,2.980604427202,0.633,0.298,0,10
"Lingo2",0,2.85776584904151,0.731,0.402,0,10
"Cntn5",0,2.96528549272189,0.534,0.222,0,10
"Cacna1e",0,2.79585639432853,0.598,0.288,0,10
"Kcnip4",0,2.82914867305738,0.578,0.272,0,10
"Cntnap5a",0,3.25209724153892,0.504,0.199,0,10
"Cntnap2",0,2.85465964727581,0.739,0.436,0,10
"Dpp10",0,3.0288557613404,0.523,0.222,0,10
"Nrg3os",0,4.16892384453288,0.406,0.107,0,10
"Grm7",0,2.83199124777588,0.563,0.268,0,10
"Trpm3",0,2.99727343296476,0.521,0.242,0,10
"Tenm1",0,2.84022535387211,0.516,0.249,0,10
"Cdh18",0,3.48244713370037,0.402,0.135,0,10
"A230006K03Rik",0,3.14232672756306,0.408,0.146,0,10
"Asic2",0,2.82411591534147,0.565,0.306,0,10
"Mgat4c",0,3.08721486473837,0.458,0.2,0,10
"Car10",0,2.8339529599344,0.455,0.197,0,10
"Gm20642",0,3.9182840404449,0.361,0.109,0,10
"Ctnna3",0,4.06765919492674,0.365,0.114,0,10
"Gm15398",0,4.18257482216328,0.315,0.08,0,10
"Rapgef4",0,3.11429044553484,0.368,0.145,0,10
"Gm32509",0,3.59072981246983,0.327,0.115,0,10
"Grik1",0,3.02981433217499,0.37,0.158,0,10
"C130073E24Rik",0,2.81872932429767,0.439,0.228,0,10
"4930555F03Rik",0,4.42467188077869,0.284,0.073,0,10
"Gm20754",0,2.81909515626886,0.396,0.186,0,10
"Kcnc2",0,2.86451629204548,0.371,0.167,0,10
"Slc4a10",0,3.01981857330517,0.327,0.131,0,10
"Gm44560",0,3.26126606089296,0.295,0.105,0,10
"Zfp804b",0,3.33537196740296,0.306,0.117,0,10
"Gm36975",0,3.574049671357,0.262,0.092,0,10
"Hs3st4",5.53399136148809e-306,3.07520696459139,0.275,0.099,2.24757525155477e-301,10
"Nell1",9.54170387914795e-301,2.89845304910647,0.36,0.164,3.87526761347715e-296,10
"B230209E15Rik",1.91101684225388e-299,2.94128379769082,0.326,0.14,7.76140380312991e-295,10
"Epha6",5.92052101936335e-294,3.17549937015086,0.309,0.125,2.40456040680423e-289,10
"Cntnap4",1.0856839957735e-266,2.79098145442194,0.335,0.156,4.40939698043448e-262,10
"Pfkp",2.87220745644227e-264,3.22729791284777,0.296,0.129,1.16651833635946e-259,10
"Gm11149",3.63873270830755e-245,3.29840760801934,0.253,0.101,1.47783490215203e-240,10
"Frmpd4",9.09172727152647e-233,2.99686298663634,0.254,0.101,3.69251411405776e-228,10
"Gm20275",2.04265032962375e-204,2.97066062434129,0.311,0.162,8.29602004873389e-200,10
"Inpp4b",9.83263068907451e-201,2.99766626412713,0.289,0.138,3.99342462806072e-196,10
"Cntnap5b",3.14362115108661e-182,3.16080926199854,0.259,0.121,1.27675029430231e-177,10
"Gm30382",9.29356950824273e-174,2.90268400080826,0.251,0.118,3.7744903200777e-169,10
"Thsd7b",1.57910481664324e-154,2.77185434377829,0.285,0.153,6.41337630231486e-150,10
"Top2a",0,6.67337643579201,0.972,0.048,0,11
"Mki67",0,5.68873239415813,0.881,0.035,0,11
"Pclaf",0,5.55902371202169,0.899,0.055,0,11
"Cdk1",0,6.12427891176206,0.88,0.038,0,11
"Prc1",0,6.15125904621273,0.871,0.04,0,11
"Kif11",0,5.89994002113667,0.841,0.027,0,11
"Nusap1",0,5.86320771551551,0.852,0.04,0,11
"Ect2",0,5.51402194089796,0.827,0.04,0,11
"Pbk",0,5.43440768775773,0.819,0.035,0,11
"Spc25",0,5.39879084372076,0.82,0.04,0,11
"Mis18bp1",0,6.43720519285228,0.772,0.018,0,11
"Knl1",0,5.29974650179338,0.782,0.033,0,11
"Kif23",0,5.78100202140574,0.767,0.024,0,11
"Kif4",0,5.58475437095622,0.728,0.022,0,11
"Aurkb",0,7.12262403554926,0.712,0.01,0,11
"Cdca2",0,6.83332391741201,0.706,0.01,0,11
"Fbxo5",0,5.62313093738206,0.702,0.023,0,11
"Melk",0,5.91437669210044,0.694,0.017,0,11
"Ndc80",0,6.20450564010463,0.689,0.013,0,11
"Ckap2l",0,5.40866270705797,0.688,0.02,0,11
"Esco2",0,7.17282422058247,0.669,0.007,0,11
"H1f5",0,6.40409474406459,0.707,0.045,0,11
"Hmmr",0,5.64139903166582,0.677,0.017,0,11
"Shcbp1",0,5.43171853572198,0.671,0.022,0,11
"Sgo1",0,5.69129805308669,0.658,0.018,0,11
"Bub1",0,5.60339750698815,0.65,0.017,0,11
"Cep55",0,5.96891715694941,0.626,0.014,0,11
"Ncapg",0,5.58058754399588,0.619,0.016,0,11
"Neil3",0,6.42490012735076,0.611,0.011,0,11
"Sgo2a",0,5.63519323200572,0.613,0.016,0,11
"Ttk",0,5.9090844400707,0.611,0.014,0,11
"Aspm",0,5.46107119956277,0.59,0.019,0,11
"Ska1",0,6.06675950005363,0.562,0.01,0,11
"Kif2c",0,5.46268993779023,0.564,0.015,0,11
"Plk1",0,5.8066044784478,0.558,0.014,0,11
"Aurka",0,5.35598777774001,0.551,0.022,0,11
"Depdc1a",0,6.30065032174816,0.531,0.008,0,11
"Tk1",0,5.52487553193886,0.492,0.013,0,11
"Kif18b",0,6.743338192258,0.43,0.005,0,11
"Cdc25c",0,5.30963616106012,0.431,0.013,0,11
"Cdca5",0,6.30904881674389,0.411,0.006,0,11
"H2ac4",0,5.92141883194766,0.399,0.009,0,11
"E2f8",0,6.10517394518831,0.393,0.007,0,11
"Kif14",0,6.33444060893636,0.379,0.005,0,11
"Depdc1b",0,6.60942580818887,0.364,0.004,0,11
"Iqgap3",0,6.45360164462654,0.315,0.004,0,11
"H3c3",0,6.02759288235094,0.314,0.005,0,11
"Troap",0,5.88973111643528,0.315,0.006,0,11
"Pif1",0,5.75280715733213,0.306,0.007,0,11
"Haspin",0,5.34535891712491,0.256,0.006,0,11
"Ascl1",0,3.21505871928756,0.74,0.183,0,12
"Btg2",0,2.25714928839824,0.882,0.373,0,12
"Tead2",0,2.10208100155939,0.716,0.221,0,12
"Dll1",0,3.12963899306653,0.55,0.1,0,12
"Gadd45g",0,2.3181464629519,0.72,0.281,0,12
"Ccnd1",0,1.87130712235103,0.633,0.217,0,12
"Cald1",0,1.71042898721624,0.816,0.405,0,12
"2610307P16Rik",0,1.76366409541342,0.876,0.466,0,12
"Ccnd2",0,1.87105277935409,0.649,0.252,0,12
"Hes6",0,1.99126456694352,0.881,0.487,0,12
"Sox3",0,2.38856847057578,0.637,0.243,0,12
"Sox1ot",0,1.68945608876633,0.837,0.448,0,12
"Mfng",0,2.22613070165389,0.536,0.155,0,12
"Mapkapk2",0,2.23409123699971,0.601,0.221,0,12
"Notch1",0,1.83120162835918,0.561,0.19,0,12
"Dll3",0,2.16802560067986,0.551,0.181,0,12
"Pon2",0,1.98967317247643,0.509,0.147,0,12
"Smoc1",0,2.20367746839236,0.495,0.169,0,12
"Miat",0,1.82841384030272,0.839,0.519,0,12
"Sox21",0,1.94438854391094,0.489,0.176,0,12
"Zbtb18",0,2.00856404230377,0.476,0.163,0,12
"Rfx4",0,1.89680857801164,0.511,0.202,0,12
"D030055H07Rik",0,1.87764784072953,0.584,0.276,0,12
"Prag1",0,1.7295562976568,0.531,0.225,0,12
"Tfdp2",0,1.7108927027314,0.552,0.251,0,12
"Col5a2",0,2.19602786500686,0.374,0.091,0,12
"St3gal1",0,2.64113482472906,0.367,0.087,0,12
"Stk33",0,1.96345580148848,0.395,0.123,0,12
"Gsx1",0,2.60107851883047,0.353,0.086,0,12
"Nfix",0,1.77516571724469,0.534,0.268,0,12
"Gpc4",0,1.82592598336801,0.425,0.167,0,12
"Baz1a",0,1.79645806185704,0.408,0.151,0,12
"Fli1",0,2.55251838776558,0.324,0.068,0,12
"Cdk6",0,2.31372283212004,0.366,0.111,0,12
"Mcm2",0,2.0722623234184,0.362,0.116,0,12
"Lima1",0,1.9200178186008,0.411,0.167,0,12
"Svil",0,1.72444154713124,0.372,0.133,0,12
"Rgs16",0,1.96525597477704,0.357,0.12,0,12
"Aim2",0,2.16397400554551,0.343,0.109,0,12
"Tgif2",0,2.28245734798308,0.284,0.077,0,12
"Inppl1",0,2.48571075332941,0.27,0.064,0,12
"Cdkn1c",0,2.08168272151458,0.825,0.629,0,12
"Ckb",0,1.70153992875568,0.993,0.892,0,12
"G0s2",2.16916741469096e-305,2.08633664724125,0.31,0.108,8.80985653802585e-301,12
"Pipox",7.58342976287772e-298,1.71153767313869,0.273,0.086,3.07993416389516e-293,12
"Zfp800",2.07698773873783e-290,1.7945243280283,0.471,0.233,8.43547800210982e-286,12
"Sdk2",1.3923156586943e-281,1.72105454301521,0.38,0.159,5.65475081622104e-277,12
"Rftn2",3.90423570847415e-279,1.72018256891641,0.323,0.119,1.58566629063969e-274,12
"Phldb2",3.95536516538071e-264,1.69332469539057,0.308,0.114,1.60643200826772e-259,12
"Tmem123",2.52021519990638e-216,1.72777937148402,0.251,0.091,1.02356020128998e-211,12
"Dlx6os1",0,2.45671863005301,0.919,0.27,0,13
"Dlx2",0,2.37206137669801,0.919,0.271,0,13
"Dlx1as",0,2.44215904332896,0.806,0.184,0,13
"Dlx1",0,2.08391208493976,0.856,0.279,0,13
"St18",0,1.82117035036378,0.845,0.329,0,13
"Hmx3",0,3.19370195839466,0.575,0.09,0,13
"Dlx5",0,1.85991584517132,0.689,0.208,0,13
"Hmx2",0,2.67319737476876,0.572,0.108,0,13
"Gm13889",0,2.45916826136129,0.649,0.21,0,13
"Cited1",0,2.99349719764961,0.552,0.143,0,13
"Plagl1",0,2.31821524552782,0.574,0.223,0,13
"Magel2",0,1.60194190284443,0.72,0.374,0,13
"Asb4",0,1.54341019799548,0.583,0.24,0,13
"Adam23",0,1.59656476481249,0.765,0.429,0,13
"Gpc4",0,1.84050143886086,0.49,0.165,0,13
"Gm38505",0,1.38996117944657,0.583,0.26,0,13
"Peg10",0,1.38209579390373,0.669,0.35,0,13
"Cdh13",0,1.51579825970909,0.678,0.366,0,13
"Cd1d1",0,1.79352987859528,0.487,0.177,0,13
"Bub3",0,1.47473539410037,0.853,0.582,0,13
"Gsx1",0,2.59860606894229,0.353,0.086,0,13
"Lef1",0,1.90082901108043,0.409,0.155,0,13
"Rmi1",0,1.87734164067309,0.372,0.136,0,13
"Nol4",0,1.72676312618369,0.978,0.746,0,13
"Tbx3",0,1.85758606829383,0.32,0.107,0,13
"Zdbf2",0,1.34793374296773,0.92,0.726,0,13
"Bsx",0,2.28419684678283,0.253,0.061,0,13
"Hist3h2ba",0,2.03863376621927,0.27,0.082,0,13
"H2afy2",2.26663176406991e-291,1.94171218690462,0.262,0.08,9.20569824659354e-287,13
"H1fx",3.85689159886003e-286,1.79185159572049,0.262,0.08,1.56643795396101e-281,13
"H2afv",1.805040121934e-283,1.6588588726727,0.271,0.086,7.33098995122275e-279,13
"Zim1",5.91204545408315e-276,1.65410827560242,0.347,0.131,2.40111814072133e-271,13
"H2afz",4.26572175652813e-272,1.38035706843972,0.274,0.088,1.73248023419633e-267,13
"Gm42418",5.54100899904016e-272,1.60857752419286,0.274,0.088,2.25042539487017e-267,13
"Atp5f1",2.02966069732934e-270,1.64569913327317,0.27,0.086,8.24326395613338e-266,13
"H2afy",9.33926596948998e-270,1.73058227264676,0.263,0.084,3.79304948084866e-265,13
"Lmo1",1.72553163371911e-260,1.837768198123,0.452,0.22,7.00807417718678e-256,13
"Mrpl53",3.44682779988797e-256,1.82855344344557,0.255,0.083,1.3998946426465e-251,13
"Ucp2",3.84633412248235e-253,1.36297429336103,0.477,0.231,1.56215014050498e-248,13
"mt-Nd4l",5.22931620987809e-249,1.70296603972671,0.303,0.112,2.12383448547989e-244,13
"Epha4",4.90091784669598e-243,1.3880021319253,0.479,0.241,1.9904587742571e-238,13
"Fam89b",8.04759209397172e-229,1.80579400695145,0.255,0.089,3.26844905304567e-224,13
"Adnp",1.17417117806616e-173,1.41034042113374,0.317,0.144,4.76877882259788e-169,13
"Ube2s",2.84689235715037e-171,1.43296882557353,0.361,0.183,1.15623686193305e-166,13
"Pik3r3",8.00304917814453e-170,1.35545512167829,0.446,0.256,3.25035839321162e-165,13
"Cox16",1.03203546627424e-168,1.34750548358022,0.337,0.161,4.19150884272619e-164,13
"Ing4",8.71631014977883e-154,1.4118978432801,0.258,0.109,3.54004220423117e-149,13
"Prox1os",6.7384035560463e-144,1.37297154367741,0.271,0.121,2.73673522025265e-139,13
"mt-Co3",5.35477747243896e-38,1.45076642452522,0.672,0.665,2.17478932265636e-33,13
"mt-Co2",1.11034371219679e-33,1.40284145246516,0.622,0.623,4.50954995271603e-29,13
"Unc5d",0,1.9586395523333,0.779,0.317,0,14
"Kcnip4",0,1.87617135422633,0.727,0.269,0,14
"Gria1",0,1.569018346303,0.843,0.4,0,14
"Rit2",0,1.584968713734,0.703,0.276,0,14
"Caly",0,1.53452714593867,0.798,0.383,0,14
"Chgb",0,1.68325338047329,0.776,0.385,0,14
"Gabrb1",0,1.45744790644969,0.64,0.249,0,14
"Hap1",0,1.41401171674176,0.882,0.513,0,14
"Hs6st3",0,1.73075529663988,0.592,0.228,0,14
"Gabra2",0,2.16452149582791,0.607,0.244,0,14
"Scn9a",0,1.4046775765152,0.584,0.226,0,14
"C130073E24Rik",0,1.63041003813887,0.574,0.226,0,14
"B230209E15Rik",0,1.7700809242305,0.483,0.137,0,14
"AW551984",0,1.4444520687837,0.586,0.248,0,14
"Scg2",0,1.53919621907048,0.555,0.221,0,14
"Gm28905",0,1.52168581756608,0.503,0.179,0,14
"Nell1",0,2.03462246496363,0.48,0.162,0,14
"Gabra5",0,1.76168136282353,0.433,0.134,0,14
"Hs6st2",0,1.50729021292773,0.491,0.204,0,14
"Rtl4",0,2.66509750644676,0.385,0.109,0,14
"Nptxr",0,1.65302656805226,0.448,0.175,0,14
"Trpc5",0,2.96483961709418,0.339,0.071,0,14
"Zfp804b",0,2.55687938536334,0.38,0.116,0,14
"Trank1",0,1.4619407640704,0.441,0.177,0,14
"Tbx3",0,1.46100942096606,0.348,0.107,0,14
"Bsx",0,2.2814563370239,0.298,0.06,0,14
"Tbx3os1",0,2.44623764891222,0.268,0.054,0,14
"Gm45323",0,1.738920299732,0.297,0.083,0,14
"Baiap3",0,2.01535584263723,0.283,0.069,0,14
"4930555F03Rik",0,1.41835875475647,0.268,0.075,0,14
"Scml4",4.53234931108437e-301,1.46196632359205,0.403,0.152,1.8407683492038e-296,14
"Ptprn",6.6781423668856e-293,1.47597484257132,0.421,0.172,2.71226074088692e-288,14
"Gng4",1.27236917279431e-279,1.67204308906778,0.291,0.093,5.16760015838681e-275,14
"1500035N22Rik",3.35295024322572e-269,1.54424432114807,0.331,0.118,1.36176721178369e-264,14
"Kirrel3",5.45192338262718e-262,1.38507022385828,0.64,0.377,2.2142441626202e-257,14
"Lef1",1.58478237916752e-252,1.53488545459559,0.377,0.156,6.43643515475095e-248,14
"Camk2b",2.10369020831164e-248,1.38257584499949,0.395,0.165,8.54392741203689e-244,14
"Rgs4",7.84816655557642e-248,1.52430342444034,0.341,0.13,3.18745436488181e-243,14
"5330417C22Rik",3.62444529146034e-247,1.47594497808345,0.307,0.109,1.4720322106737e-242,14
"Camk4",5.05039548555217e-245,1.57231137564913,0.354,0.14,2.05116762250216e-240,14
"Fstl5",5.13721066924541e-243,1.40719923764881,0.494,0.244,2.08642674120733e-238,14
"Arhgdig",5.12265757251468e-235,1.50314955629024,0.333,0.13,2.08051614650111e-230,14
"Gck",6.52235317822637e-219,1.43946116214917,0.332,0.133,2.64898851980486e-214,14
"Ehbp1l1",1.34230551812647e-206,1.49453961337272,0.273,0.1,5.45163963131883e-202,14
"Necab2",6.18337110904372e-174,1.38732401681825,0.308,0.132,2.51131434222702e-169,14
"Kcnj3",1.15962337324607e-148,1.36241300663564,0.252,0.104,4.70969436810159e-144,14
"Inpp4b",2.80721902854305e-132,1.53510885793394,0.293,0.139,1.14012393625247e-127,14
"Man2a1",1.89198730078892e-129,1.40024558367862,0.282,0.134,7.68411722342412e-125,14
"Hs3st5",9.82650295444353e-127,2.12655545772077,0.292,0.14,3.9909359099177e-122,14
"Ppp1r17",4.42835890614837e-91,1.50366881812462,0.265,0.138,1.7985336861431e-86,14
"Adgrv1",0,2.84543453296872,0.912,0.268,0,15
"Gli3",0,3.94556216459137,0.751,0.124,0,15
"Gpc3",0,3.65835482603435,0.757,0.149,0,15
"Rax",0,3.90043618259775,0.73,0.122,0,15
"Lix1",0,3.93447246904353,0.689,0.103,0,15
"Adamtsl1",0,4.47010171936779,0.688,0.128,0,15
"Plagl1",0,2.69185329916789,0.773,0.218,0,15
"Gulp1",0,2.98670701699498,0.673,0.123,0,15
"Hes1",0,3.05207917733801,0.645,0.112,0,15
"Fstl1",0,2.97619174848577,0.686,0.154,0,15
"Anxa5",0,2.74385105386012,0.695,0.166,0,15
"Gpx8",0,2.82248321435667,0.634,0.117,0,15
"Glis3",0,3.40370589779702,0.591,0.1,0,15
"Lman1",0,3.42443946696595,0.917,0.445,0,15
"Pdpn",0,2.73799328865534,0.572,0.117,0,15
"Tbx3",0,2.71260474353604,0.533,0.101,0,15
"Phactr2",0,2.79339379555835,0.581,0.157,0,15
"Shroom3",0,2.64344907946837,0.551,0.149,0,15
"Anxa2",0,3.38661046255798,0.454,0.061,0,15
"Sfrp1",0,2.52452352953136,0.524,0.162,0,15
"Col5a2",0,2.57458211975412,0.446,0.09,0,15
"Cpa4",0,3.57708720201319,0.416,0.061,0,15
"Col25a1",0,4.36563009068223,0.439,0.085,0,15
"Spata6",0,2.69991670457472,0.437,0.096,0,15
"Mecom",0,4.38474839378445,0.38,0.04,0,15
"Prdm16",0,2.53265135715279,0.428,0.09,0,15
"Lpar1",0,3.25943271085577,0.385,0.058,0,15
"Fndc3c1",0,3.28931599934354,0.372,0.052,0,15
"Col4a5",0,2.75631536931928,0.389,0.071,0,15
"Dhrs7",0,3.20593893916483,0.394,0.094,0,15
"Pdzph1",0,3.63455366633717,0.334,0.035,0,15
"Cyba",0,3.13056689170996,0.333,0.041,0,15
"Scube1",0,3.32676723380432,0.399,0.11,0,15
"Tbx3os1",0,3.74577479412065,0.331,0.053,0,15
"Prex2",0,2.94239946252227,0.336,0.063,0,15
"Wnt5a",0,2.4842143596338,0.35,0.079,0,15
"Ecrg4",0,6.17969245684398,0.277,0.009,0,15
"Ccn1",0,3.1597465960509,0.317,0.056,0,15
"Tmem132c",0,2.61967920737366,0.326,0.077,0,15
"Yap1",0,2.67040012484155,0.306,0.057,0,15
"Ltbp1",0,3.13066226161557,0.302,0.054,0,15
"Otx2",0,3.3079491488459,0.281,0.036,0,15
"Mamdc2",0,4.38124328047778,0.276,0.032,0,15
"Gng11",0,3.36392035213865,0.264,0.035,0,15
"Trip6",0,3.04883694098348,0.268,0.042,0,15
"P4ha3",0,2.84547907900139,0.276,0.051,0,15
"Maf",0,2.62322739505053,0.3,0.082,0,15
"Fzd5",0,2.78690402302975,0.283,0.069,0,15
"Celsr1",0,2.83597580148647,0.256,0.045,0,15
"Fbn2",2.44966052107106e-245,2.49194923807694,0.356,0.151,9.94905124027802e-241,15
"B230323A14Rik",0,4.90307161569149,0.855,0.062,0,16
"Foxb1",0,5.77255162202658,0.804,0.037,0,16
"Lhx1",0,3.84607233136652,0.81,0.112,0,16
"Sim1",0,2.78351298704405,0.814,0.126,0,16
"Lhx1os",0,3.56189017585272,0.798,0.119,0,16
"Nxph4",0,3.91985013598663,0.756,0.081,0,16
"Uncx",0,3.06572492406,0.779,0.121,0,16
"Spock1",0,3.0724360704792,0.888,0.263,0,16
"Slc17a6",0,2.65937007838993,0.788,0.198,0,16
"Tafa1",0,3.43297440932804,0.727,0.156,0,16
"Pcp4",0,3.74513860030681,0.862,0.293,0,16
"Lin7a",0,2.65758256879853,0.762,0.217,0,16
"Kcnip4",0,3.28199423746378,0.807,0.268,0,16
"Adcy2",0,3.46752148691113,0.704,0.165,0,16
"Pitx2",0,4.60280562820384,0.549,0.021,0,16
"Cacna2d1",0,2.42878181180843,0.987,0.459,0,16
"Kctd16",0,3.63312889312898,0.697,0.17,0,16
"Onecut2",0,2.34748200110911,0.748,0.268,0,16
"Gm27199",0,2.53762155515216,0.657,0.187,0,16
"Adarb2",0,3.87989486706614,0.674,0.218,0,16
"Nrp1",0,2.10194153663521,0.831,0.376,0,16
"Epha7",0,2.71683931428211,0.647,0.204,0,16
"Galnt9",0,3.18349291576648,0.534,0.093,0,16
"Klhl1",0,3.21520308997405,0.513,0.075,0,16
"Cntn4",0,2.56887107678667,0.594,0.159,0,16
"Nrsn1",0,2.44930026963312,0.613,0.187,0,16
"Aff3",0,2.22704498865346,0.948,0.527,0,16
"Fgf13",0,2.16843463634068,0.894,0.499,0,16
"D930028M14Rik",0,2.46650696665918,0.485,0.101,0,16
"Mast4",0,2.76800313652993,0.688,0.312,0,16
"Kif26b",0,2.54081982496133,0.483,0.108,0,16
"Galntl6",0,2.40824366758022,0.605,0.23,0,16
"Myo5b",0,7.12256346430295,0.374,0.013,0,16
"Fat3",0,2.18363092880041,0.903,0.545,0,16
"Arpp21",0,3.55660005232827,0.529,0.172,0,16
"Tmem132b",0,2.75992129283246,0.479,0.123,0,16
"Chrm3",0,3.57975548258138,0.417,0.063,0,16
"Mdga1",0,2.47284473208564,0.483,0.13,0,16
"Adcyap1",0,3.39849099463654,0.402,0.058,0,16
"Cck",0,4.50426185100116,0.363,0.022,0,16
"Emx2",0,3.36663137336386,0.362,0.047,0,16
"Tenm2",0,2.37969778320507,0.984,0.675,0,16
"Arhgap24",0,2.14767874901832,0.416,0.109,0,16
"Ryr3",0,2.60407064760966,0.57,0.276,0,16
"Nppa",0,4.67001411540892,0.308,0.016,0,16
"Otx2os1",0,2.94605301738407,0.25,0.038,0,16
"Grm7",2.41347806624508e-298,2.7200150130872,0.524,0.272,9.80209981824779e-294,16
"Cntn5",1.66718145684697e-271,2.67030618641385,0.468,0.226,6.77109076883827e-267,16
"Lipa",2.02350308178777e-271,2.35565771379392,0.258,0.08,8.21825541637287e-267,16
"Rprm",1.15904892468776e-152,2.14000679859122,0.473,0.291,4.70736130272685e-148,16
"Slc4a4",0,5.20676613246325,0.947,0.089,0,17
"Atp1a2",0,5.04040455435567,0.958,0.104,0,17
"Slc6a11",0,5.72211996846176,0.936,0.09,0,17
"Mfge8",0,4.8707322651106,0.951,0.137,0,17
"Egfr",0,4.99556924228851,0.85,0.038,0,17
"Apoe",0,4.65936691757794,0.958,0.16,0,17
"Grm3",0,4.96351258610313,0.926,0.137,0,17
"Acsbg1",0,5.17217324846275,0.805,0.048,0,17
"Aldh1l1",0,5.16266616226693,0.779,0.03,0,17
"Fgfr3",0,4.96141654767113,0.792,0.057,0,17
"Pla2g7",0,5.90017761133196,0.749,0.032,0,17
"Sparcl1",0,5.01465042493064,0.793,0.083,0,17
"Etv4",0,4.96276937180934,0.759,0.049,0,17
"Dbx2",0,5.15438266581554,0.728,0.027,0,17
"Gabbr2",0,4.59942619394505,0.852,0.17,0,17
"Pcx",0,4.60981985177031,0.736,0.059,0,17
"Gm6145",0,5.23154634735589,0.692,0.03,0,17
"Slc6a9",0,5.19022704761967,0.689,0.044,0,17
"Aqp4",0,5.07228037920974,0.654,0.019,0,17
"C030005K06Rik",0,6.83393409990687,0.622,0.012,0,17
"Nwd1",0,4.75511978236056,0.631,0.035,0,17
"Tlcd1",0,4.98469256316842,0.634,0.038,0,17
"Slc7a10",0,5.9232930603231,0.623,0.028,0,17
"Agt",0,6.13045729448677,0.602,0.016,0,17
"Slc7a11",0,4.96117884928921,0.611,0.031,0,17
"Htra1",0,5.80735066956133,0.596,0.02,0,17
"Mertk",0,4.95971443473935,0.581,0.028,0,17
"Paqr7",0,4.7182493806853,0.59,0.041,0,17
"Slc39a12",0,4.79058036396128,0.525,0.024,0,17
"Cbs",0,5.01913141589673,0.515,0.02,0,17
"Inka2",0,4.99394280784942,0.515,0.028,0,17
"Myorg",0,5.92618681587469,0.501,0.014,0,17
"Atp13a4",0,5.9541716328998,0.487,0.011,0,17
"Abhd3",0,5.05514046433937,0.497,0.025,0,17
"Slc13a5",0,5.39791915809657,0.485,0.018,0,17
"Itga7",0,5.57678327783407,0.442,0.011,0,17
"Car2",0,4.9396758863181,0.424,0.017,0,17
"Lrtm2",0,4.81944957167274,0.421,0.023,0,17
"Ntsr2",0,4.90949356094252,0.397,0.015,0,17
"Svep1",0,5.81301125932536,0.388,0.009,0,17
"Angptl4",0,5.78688728818599,0.389,0.01,0,17
"Cyp2j9",0,4.74591642522575,0.379,0.018,0,17
"Itih3",0,5.41241776040811,0.342,0.009,0,17
"Gm21860",0,4.82030283625376,0.35,0.018,0,17
"Adora2b",0,5.38958233015784,0.319,0.01,0,17
"Folh1",0,5.54345457768244,0.299,0.008,0,17
"Ppara",0,5.17725600090743,0.276,0.009,0,17
"Gm29521",0,4.80251708529775,0.273,0.014,0,17
"Il33",0,5.64694159906042,0.262,0.007,0,17
"Slc14a1",0,5.06834867030875,0.261,0.008,0,17
"Chchd10",0,3.87103867288106,0.901,0.176,0,18
"Sox14",0,4.02122507256886,0.787,0.076,0,18
"Gm2694",0,1.94267514782317,0.746,0.222,0,18
"Cnr1",0,2.39115763025638,0.768,0.253,0,18
"Cacna2d1",0,1.51208024498687,0.936,0.461,0,18
"Nkx2-1",0,1.4623659048578,0.868,0.393,0,18
"S100a10",0,2.81487016160418,0.653,0.213,0,18
"Nhlh2",0,1.6969523143523,0.647,0.21,0,18
"Nup62cl",0,3.17216060703644,0.466,0.073,0,18
"Rbfox1",0,1.64375624901411,0.858,0.472,0,18
"Slc17a6",0,1.54978057085237,0.588,0.204,0,18
"Prdm12",0,3.06561486820405,0.436,0.055,0,18
"Nr5a1",0,3.95885598332515,0.396,0.029,0,18
"Thsd4",0,2.22132105007719,0.498,0.136,0,18
"Rnd3",0,1.45849829864199,0.889,0.553,0,18
"Pam",0,1.34855997122227,0.817,0.484,0,18
"Epb41l4a",0,1.94027409712391,0.538,0.21,0,18
"Calb1",0,2.00812930109918,0.527,0.199,0,18
"Btbd11",0,2.02271813615703,0.485,0.161,0,18
"Nell2",0,1.24828133499819,0.884,0.563,0,18
"Arf6",0,2.02517313519839,0.498,0.182,0,18
"Prmt8",0,1.29768184713059,0.524,0.213,0,18
"Cbln1",0,1.37258695871264,0.453,0.146,0,18
"Gpr149",0,3.47462574165319,0.329,0.034,0,18
"Stard9",0,1.89060053850547,0.457,0.165,0,18
"Akap12",0,1.76775810565597,0.474,0.183,0,18
"Fezf1",0,1.96516824709576,0.433,0.143,0,18
"Nptx2",0,1.96220442743621,0.393,0.117,0,18
"Ass1",0,2.02397956135295,0.348,0.08,0,18
"Hcn1",0,1.65878539557889,0.385,0.125,0,18
"Nr0b1",0,4.44917153356481,0.269,0.017,0,18
"Vgll2",0,3.96965577688159,0.275,0.025,0,18
"Gamt",0,2.36362404824942,0.338,0.092,0,18
"Mmp11",0,2.8514782587335,0.301,0.055,0,18
"Ar",0,3.51066953477436,0.271,0.028,0,18
"Kcnk12",0,2.98234882068735,0.25,0.039,0,18
"Gm38505",2.44004203058701e-285,1.25568381371098,0.559,0.262,9.90998670302608e-281,18
"Plp1",1.40165412678522e-279,1.37837437668735,0.41,0.16,5.69267807052551e-275,18
"C130073E24Rik",9.67395506746047e-250,1.25107728547364,0.498,0.229,3.9289801110984e-245,18
"C130093G08Rik",1.44623606367736e-244,1.34612182117258,0.383,0.151,5.87374314901922e-240,18
"Rbp1",3.65658144748363e-236,1.40949968849119,0.363,0.143,1.485083989081e-231,18
"Pomc",2.34853349600373e-228,3.33338388517913,0.274,0.096,9.53833394066955e-224,18
"Satb2",2.02225585586229e-216,1.27995751143864,0.291,0.102,8.21318993299911e-212,18
"Hs3st5",1.81934637788565e-198,1.40384919006895,0.339,0.139,7.38909337914479e-194,18
"Slit3",5.44445733544338e-197,1.53015223968956,0.336,0.139,2.21121190221697e-192,18
"Tmem35a",2.0924038526927e-186,1.34657135155326,0.533,0.306,8.49808900732612e-182,18
"Homer2",2.03523398771074e-154,1.53906805515706,0.322,0.15,8.26589931768842e-150,18
"Ooep",6.77790625093913e-150,1.63342247920758,0.257,0.105,2.75277884475642e-145,18
"Ogfrl1",5.36947565338378e-137,1.25602767704216,0.355,0.175,2.18075884186529e-132,18
"Phlda1",8.41023964081862e-134,1.24078832277438,0.33,0.158,3.41573472772207e-129,18
"Pdgfra",0,6.82935385746364,0.981,0.016,0,19
"Sox10",0,6.60359427652617,0.955,0.013,0,19
"Olig1",0,5.1557424166623,0.985,0.067,0,19
"Cspg4",0,6.31546537605247,0.937,0.021,0,19
"C1ql1",0,6.39963285646675,0.941,0.027,0,19
"Scrg1",0,5.08502866257898,0.942,0.048,0,19
"Gpr17",0,5.98342080331109,0.903,0.011,0,19
"Arhgef3",0,4.86144161151437,0.946,0.064,0,19
"Tmem132d",0,4.73899242431421,0.969,0.09,0,19
"Mfsd2a",0,5.49797427135332,0.883,0.038,0,19
"Wipf1",0,5.11226799289027,0.91,0.068,0,19
"Gpr37l1",0,5.03159534386992,0.861,0.032,0,19
"Vxn",0,5.04015747793481,0.865,0.049,0,19
"Car8",0,4.89820777677643,0.872,0.056,0,19
"Matn4",0,6.63907836668674,0.821,0.014,0,19
"Lhfpl3",0,5.48342300870927,0.999,0.194,0,19
"Prkcq",0,5.68326972020023,0.823,0.02,0,19
"Il1rap",0,4.95582694559796,0.841,0.045,0,19
"Ostf1",0,4.86139269401615,0.853,0.072,0,19
"Emid1",0,5.43581815995818,0.802,0.034,0,19
"S100a13",0,5.01550227359052,0.773,0.046,0,19
"Pllp",0,6.51814993451077,0.727,0.008,0,19
"Bmp7",0,4.7748497407966,0.741,0.035,0,19
"Prkg2",0,5.18449483100979,0.711,0.026,0,19
"Npas1",0,4.95310123597072,0.675,0.022,0,19
"Gal3st1",0,5.33813402013347,0.652,0.019,0,19
"Pmp22",0,4.7535520638255,0.657,0.027,0,19
"Omg",0,5.32976386948214,0.648,0.022,0,19
"A930009A15Rik",0,5.97790414752278,0.577,0.01,0,19
"Sema3d",0,5.62206799812267,0.574,0.013,0,19
"Irx1",0,4.94633816342661,0.581,0.02,0,19
"Pstpip2",0,5.81424656926099,0.56,0.015,0,19
"Calcrl",0,5.42740832901755,0.554,0.014,0,19
"Slc22a3",0,6.06155015521621,0.506,0.008,0,19
"Atp10b",0,6.16960964535437,0.487,0.008,0,19
"C1ql2",0,5.55112399061882,0.433,0.008,0,19
"Gm10863",0,5.11472389234704,0.441,0.016,0,19
"Gm21846",0,5.81034791002284,0.382,0.007,0,19
"Col19a1",0,5.76965983826155,0.361,0.01,0,19
"Gjc3",0,6.84906448794905,0.321,0.003,0,19
"Gjb1",0,6.38652502907437,0.315,0.004,0,19
"Irx2",0,4.8666643241407,0.315,0.009,0,19
"Cav1",0,4.95871589670236,0.309,0.008,0,19
"S100a2",0,6.29585772521009,0.297,0.004,0,19
"Tmem255b",0,6.78912664399924,0.294,0.003,0,19
"Kcna1",0,5.92599305680229,0.288,0.004,0,19
"Zfp488",0,6.07747252641281,0.261,0.004,0,19
"Zfp469",0,6.25627266143596,0.258,0.004,0,19
"Acan",0,5.75298206428067,0.257,0.005,0,19
"Mroh3",0,4.98579294154799,0.255,0.008,0,19
"Dll3",0,3.09560860942831,0.721,0.179,0,20
"Dlx2",0,2.36753239174279,0.791,0.277,0,20
"Mfng",0,2.65532607173014,0.662,0.153,0,20
"D030055H07Rik",0,3.00134093008218,0.774,0.272,0,20
"Gadd45g",0,2.78292044596254,0.78,0.281,0,20
"Ascl1",0,3.03680401326722,0.665,0.188,0,20
"Dlx1",0,2.42377358290473,0.756,0.284,0,20
"Gsx1",0,3.62627711551796,0.552,0.082,0,20
"2610307P16Rik",0,2.39029352033205,0.932,0.467,0,20
"Sox1ot",0,2.22144215619981,0.9,0.448,0,20
"Tead2",0,2.12013857622676,0.675,0.224,0,20
"Dll1",0,3.12372056518647,0.545,0.102,0,20
"Stk33",0,3.2280201446851,0.553,0.12,0,20
"St18",0,1.91468823278404,0.727,0.334,0,20
"Gm32061",0,2.22563666492681,0.611,0.223,0,20
"Hes6",0,2.22432830809313,0.867,0.49,0,20
"Smoc1",0,2.74438563837725,0.543,0.17,0,20
"Rgs16",0,2.69568864236231,0.481,0.118,0,20
"Miat",0,2.43255541653545,0.881,0.519,0,20
"Zc3h12c",0,2.01565721371178,0.727,0.371,0,20
"Zbtb18",0,2.30441861253848,0.511,0.163,0,20
"Mxra7",0,2.18652660979547,0.62,0.273,0,20
"Pcsk5",0,2.10492397487403,0.512,0.184,0,20
"Egfem1",0,2.14837145009501,0.729,0.415,0,20
"Golm1",0,2.07147852344344,0.535,0.225,0,20
"Cd1d1",0,2.1487979651195,0.479,0.179,0,20
"Mcm2",0,2.40145800950291,0.399,0.116,0,20
"Whrn",0,2.39685034836652,0.408,0.125,0,20
"Sp9",0,2.35619989049692,0.358,0.089,0,20
"Rftn2",0,2.0483387188384,0.385,0.118,0,20
"Slc25a13",0,2.51795658802875,0.35,0.098,0,20
"Foxd1",0,2.09361540007691,0.39,0.14,0,20
"Cdkn1c",0,1.8548016127008,0.873,0.629,0,20
"Gm37965",0,2.32640041829754,0.304,0.085,0,20
"Plk3",0,2.69365784473061,0.289,0.072,0,20
"Inppl1",0,2.50220486972031,0.253,0.066,0,20
"Dcc",0,1.97379809235065,0.986,0.818,0,20
"Dlx6os1",1.90099903901086e-304,1.86724382019408,0.561,0.283,7.72071749703869e-300,20
"St3gal1",1.34875289757912e-301,2.34820020695701,0.294,0.09,5.47782501822784e-297,20
"Lmo1",1.57874244950807e-300,2.064518109041,0.482,0.22,6.41190458443206e-296,20
"Cdk6",1.06242430317685e-286,2.19621356202631,0.331,0.113,4.31493006492245e-282,20
"Zic5",2.73913785587244e-253,1.92609762378895,0.292,0.098,1.11247344878403e-248,20
"Tmem123",3.54460741582182e-247,2.08446174306533,0.275,0.091,1.43960685586187e-242,20
"Zfp800",1.57686559523363e-243,2.00930934541655,0.465,0.235,6.40428192848186e-239,20
"Heg1",1.60996586771602e-219,1.88586723807957,0.266,0.09,6.53871537514186e-215,20
"Aim2",2.67760410972689e-204,2.00882320574689,0.292,0.111,1.08748213312448e-199,20
"Gm14342",6.68122323327328e-196,2.07099811183134,0.252,0.089,2.71351200396161e-191,20
"Alk",1.51181890989711e-191,2.33530573605137,0.297,0.119,6.14010132065612e-187,20
"Tmem219",3.95111957107738e-173,1.97862466224931,0.398,0.215,1.60470770259737e-168,20
"Lrrc8c",1.5098561663601e-127,1.98832515903274,0.276,0.132,6.13212983405493e-123,20
"Snhg11",0,2.29848787522975,0.956,0.298,0,21
"Lrfn5",0,2.36851491095107,0.784,0.2,0,21
"A230006K03Rik",0,2.29085704746219,0.695,0.142,0,21
"Galntl6",0,1.88254519156687,0.767,0.227,0,21
"Rac3",0,1.82077294817796,0.891,0.379,0,21
"Gad1",0,1.88935043298925,0.735,0.235,0,21
"Ablim3",0,1.96452972393159,0.65,0.157,0,21
"Dlg2",0,1.88210680781224,0.969,0.487,0,21
"B230209E15Rik",0,2.07577609977854,0.614,0.135,0,21
"Cntnap5a",0,1.97310957499916,0.656,0.199,0,21
"Cdh18",0,2.43152431581423,0.588,0.133,0,21
"Dpp10",0,1.87301318362679,0.668,0.222,0,21
"Rapgef4",0,1.87301893217886,0.57,0.142,0,21
"Slc12a5",0,1.972057637987,0.579,0.152,0,21
"Arhgdig",0,2.25279989390293,0.538,0.126,0,21
"Vsnl1",0,2.7151642326075,0.49,0.091,0,21
"Ppp2r2c",0,2.1549272047469,0.493,0.114,0,21
"Ryr2",0,1.8550958130606,0.492,0.134,0,21
"Pfkp",0,1.837890238935,0.481,0.126,0,21
"Hs3st4",0,2.20829438955082,0.447,0.097,0,21
"Zfp804b",0,2.3257994868943,0.463,0.115,0,21
"Epha6",0,1.99271452324102,0.461,0.123,0,21
"Grik1",0,1.95924321794532,0.494,0.157,0,21
"Caln1",0,2.25935822384221,0.409,0.079,0,21
"Sncb",0,2.55865192243447,0.403,0.079,0,21
"Gm30382",0,1.97754529321722,0.42,0.115,0,21
"Grm1",0,2.07248251574675,0.387,0.084,0,21
"Zfp385b",0,2.07711204100413,0.383,0.083,0,21
"A830018L16Rik",0,2.19300944775727,0.37,0.071,0,21
"Dync1i1",0,1.9630955443717,0.389,0.103,0,21
"Bend6",0,1.97319754696495,0.373,0.092,0,21
"Gng4",0,1.92857022753722,0.372,0.092,0,21
"Slc35f4",0,2.34583711571985,0.335,0.056,0,21
"Rnf152",0,1.85679624549782,0.398,0.121,0,21
"Cntnap5b",0,1.91400527301628,0.393,0.119,0,21
"Adap1",0,2.26858511058448,0.327,0.061,0,21
"Vwc2l",0,2.46971683785895,0.315,0.052,0,21
"Rab27b",0,2.19195223867576,0.309,0.061,0,21
"Ctxn2",0,2.90402014037247,0.286,0.039,0,21
"Htr4",0,2.2575900612007,0.276,0.047,0,21
"Fam131c",0,2.32884628292879,0.279,0.057,0,21
"Rell2",0,1.90800311631633,0.292,0.075,0,21
"Tmem91",0,2.75427132248512,0.252,0.036,0,21
"Atp2b3",0,1.80166106612171,0.272,0.064,0,21
"Marchf4",0,1.89400982715557,0.264,0.057,0,21
"Gm1043",0,1.93063362896575,0.256,0.053,0,21
"Chrm3",0,1.83871135232725,0.269,0.068,0,21
"Ckmt1",0,1.99639226915859,0.252,0.06,0,21
"Calb2",2.64256851391844e-278,1.87583458307017,0.258,0.071,1.07325277624284e-273,21
"5730409E04Rik",2.59838979076997e-275,1.80140959111519,0.253,0.068,1.05531002962331e-270,21
"Ednrb",0,3.90891060356879,0.937,0.116,0,22
"Slc1a3",0,3.70306317209843,0.984,0.171,0,22
"Ndrg2",0,3.934841191803,0.946,0.169,0,22
"Apoe",0,3.81431871763777,0.92,0.164,0,22
"Mt3",0,3.80241396010984,0.973,0.262,0,22
"Tnc",0,4.2764996134808,0.752,0.05,0,22
"Aldoc",0,4.21089566735511,0.775,0.081,0,22
"Vcam1",0,3.75523593824329,0.774,0.084,0,22
"Mlc1",0,3.6602402915056,0.721,0.07,0,22
"Fabp7",0,3.81640474951362,0.992,0.366,0,22
"Lxn",0,3.82043289997493,0.738,0.118,0,22
"Ramp1",0,3.72832464824815,0.69,0.077,0,22
"Arap2",0,3.79423884984565,0.692,0.082,0,22
"Clu",0,3.84534162809628,0.704,0.102,0,22
"Aldh1l1",0,3.99115603044002,0.566,0.038,0,22
"Tst",0,3.9676488738444,0.578,0.054,0,22
"Sparcl1",0,3.76405964743719,0.613,0.09,0,22
"Cmtm5",0,3.9715824224012,0.568,0.056,0,22
"Dkk3",0,3.96437259119209,0.574,0.07,0,22
"Ccdc190",0,4.43318852755787,0.536,0.037,0,22
"Emp2",0,4.0892971745936,0.534,0.043,0,22
"Veph1",0,4.68415263615574,0.475,0.03,0,22
"Gm6145",0,3.71931660915684,0.467,0.037,0,22
"S1pr1",0,3.65868575136426,0.474,0.047,0,22
"Fbxo2",0,3.9369061279267,0.473,0.053,0,22
"Itih5",0,4.19710144340467,0.434,0.031,0,22
"Spef2",0,3.71925080632206,0.436,0.034,0,22
"Entpd2",0,4.44346904670972,0.425,0.025,0,22
"Ccdc60",0,3.78766967750565,0.433,0.039,0,22
"Ndnf",0,4.8195733843781,0.412,0.03,0,22
"Cybrd1",0,4.10257446235063,0.411,0.031,0,22
"Fmo1",0,3.92227885003542,0.41,0.032,0,22
"2810459M11Rik",0,3.82234264461019,0.423,0.046,0,22
"Frem2",0,3.77124691578054,0.414,0.042,0,22
"Hspa2",0,3.87651335088212,0.406,0.035,0,22
"Slc39a12",0,3.92429261137209,0.391,0.029,0,22
"Hey2",0,4.10333922205887,0.375,0.031,0,22
"Lama2",0,4.65146057770144,0.329,0.021,0,22
"Slc14a2",0,3.84132855369905,0.341,0.039,0,22
"Hacd4",0,4.10038236379651,0.316,0.025,0,22
"Nid1",0,5.33137877745077,0.303,0.014,0,22
"Gm17455",0,3.91359305389696,0.303,0.023,0,22
"8030451A03Rik",0,4.41488394812438,0.294,0.015,0,22
"Iqub",0,3.65025797201537,0.294,0.027,0,22
"Col22a1",0,3.69334368012861,0.294,0.035,0,22
"Pdlim3",0,3.74067027015341,0.281,0.025,0,22
"Aqp4",0,3.91293973444531,0.287,0.031,0,22
"Gpld1",0,4.12996588640305,0.272,0.029,0,22
"Map3k19",0,3.86858743500906,0.254,0.022,0,22
"Dnah6",0,3.63175851340431,0.254,0.022,0,22
"Cited1",0,3.80834006970489,0.746,0.141,0,23
"Tbx3",0,3.11322677800737,0.679,0.1,0,23
"Isl1",0,1.68143325300576,0.899,0.358,0,23
"Peg10",0,2.02285867293634,0.818,0.348,0,23
"Zcchc12",0,1.51484918354396,0.865,0.417,0,23
"Tbx3os1",0,3.11254143375293,0.475,0.05,0,23
"Six6",0,1.58797967112865,0.584,0.164,0,23
"Tox2",0,1.54669622383526,0.784,0.403,0,23
"Fam183b",0,2.08822473406069,0.509,0.129,0,23
"Gabra5",0,2.04381969736335,0.506,0.133,0,23
"Dlk1",0,1.43301885587707,0.951,0.586,0,23
"Celf6",0,1.41191657977962,0.64,0.287,0,23
"Scg2",0,1.45904326934099,0.574,0.222,0,23
"Nrsn2",0,1.58336756621027,0.582,0.233,0,23
"Otp",0,1.55316368381392,0.562,0.219,0,23
"1500035N22Rik",0,2.23064060455337,0.455,0.116,0,23
"Cntfr",0,1.92960626035199,0.51,0.181,0,23
"As3mt",0,1.85164959212526,0.498,0.174,0,23
"Kctd16",0,1.84001329621058,0.497,0.177,0,23
"Fxyd7",0,1.40736666466613,0.535,0.221,0,23
"Rgs4",0,1.80209841355956,0.42,0.129,0,23
"Calcr",0,3.42135455882633,0.325,0.047,0,23
"Gck",0,1.63404021829418,0.401,0.132,0,23
"Pomc",0,3.63207961685636,0.357,0.095,0,23
"Baiap3",0,2.01967604788501,0.317,0.069,0,23
"Bsx",0,2.18782822682105,0.273,0.061,0,23
"Hist3h2ba",0,2.15190422984206,0.293,0.083,0,23
"Gpr179",0,2.25460411879983,0.25,0.051,0,23
"Rnasek",2.67573876190051e-300,2.09665720340667,0.282,0.078,1.08672454075827e-295,23
"Atp5f1",2.99386227013262e-298,1.97954597415928,0.297,0.086,1.21592722239166e-293,23
"H2afy2",3.54195026701588e-292,1.92607582411762,0.286,0.081,1.43852768144583e-287,23
"Asb4",4.76516982548459e-290,1.42574219028215,0.547,0.243,1.93532607292231e-285,23
"Sept7",2.2306811596128e-285,1.84962107878466,0.284,0.08,9.05968846165141e-281,23
"Gm42418",6.74607175593391e-284,1.78526468484748,0.3,0.089,2.739849582955e-279,23
"H2afz",6.60415959127567e-282,1.52369903250976,0.299,0.088,2.6822133764007e-277,23
"mt-Nd4l",1.01767166446376e-261,1.80005834562016,0.333,0.113,4.13317169805313e-257,23
"H1fx",1.00326975082527e-260,1.77647899980115,0.275,0.081,4.07467976600174e-256,23
"Gm13889",3.808322278441e-251,1.50943840911141,0.484,0.217,1.54671201016603e-246,23
"Mrpl53",3.78552872577908e-247,1.86454460033495,0.274,0.084,1.53745463668792e-242,23
"H2afy",3.43910308611299e-241,1.46858833891006,0.281,0.084,1.39675732739393e-236,23
"Gng10",2.4770224623606e-215,1.87099368360302,0.266,0.087,1.00601790286313e-210,23
"4930483P17Rik",5.1014648828861e-208,1.38225036440009,0.377,0.152,2.07190894753536e-203,23
"Fam89b",5.97349609638274e-207,1.6816543488121,0.269,0.09,2.42607570458489e-202,23
"Cox16",3.36975006503086e-184,1.43419236320401,0.369,0.161,1.36859029141163e-179,23
"Ecel1",2.12879439583976e-180,1.39214010949077,0.284,0.103,8.6458855592636e-176,23
"Rarb",7.78202067689281e-174,1.45105941665709,0.255,0.09,3.16058987771325e-169,23
"Gm8797",3.3863250396119e-166,1.48919036811472,0.313,0.13,1.37532205158798e-161,23
"Tomm6",4.57884040842344e-152,1.44226741450143,0.335,0.152,1.8596502434771e-147,23
"Usp51",8.21928249661635e-137,1.3689166542989,0.294,0.127,3.33817939317576e-132,23
"mt-Co3",1.46666221137798e-39,1.40972692570222,0.673,0.665,5.95670190529052e-35,23
"Nhlh2",0,3.19656306787585,0.867,0.206,0,24
"Mfap4",0,3.4182265450083,0.732,0.096,0,24
"Neurod1",0,3.06153026440197,0.674,0.095,0,24
"Gfra1",0,2.99298845514719,0.745,0.183,0,24
"Sfta3-ps",0,1.85878937075275,0.936,0.375,0,24
"St18",0,1.97208607801984,0.892,0.332,0,24
"Nkx2-1",0,1.8471358282476,0.936,0.393,0,24
"Cplx2",0,2.76337922199118,0.757,0.255,0,24
"Lhx5",0,2.51258137371217,0.683,0.184,0,24
"Prmt8",0,2.64369723354169,0.706,0.21,0,24
"Dach1",0,1.89862137524809,0.898,0.446,0,24
"Ass1",0,3.34055232949037,0.507,0.077,0,24
"Pam",0,2.00221914164154,0.898,0.483,0,24
"Epha3",0,1.66209712653752,0.601,0.189,0,24
"Gadd45g",0,1.68980296918145,0.689,0.285,0,24
"Spsb4",0,2.19335011092106,0.629,0.227,0,24
"Tmem163",0,1.71706668663454,0.656,0.282,0,24
"Prdm13",0,3.76457585850812,0.412,0.038,0,24
"Chn2",0,1.67288843218195,0.699,0.334,0,24
"Ppp1r14a",0,2.81580257601781,0.414,0.056,0,24
"Cbfa2t2",0,1.68962185752717,0.799,0.443,0,24
"Fam110a",0,1.87144334772594,0.561,0.212,0,24
"Igsf8",0,2.3502163866282,0.592,0.243,0,24
"Pgbd5",0,2.98111066484307,0.414,0.082,0,24
"Klhl35",0,3.08647410066192,0.392,0.063,0,24
"Gm27199",0,1.7001821309852,0.519,0.192,0,24
"Thsd4",0,2.14785820317485,0.463,0.138,0,24
"Prdm12",0,3.03150819394223,0.36,0.058,0,24
"Ypel2",0,2.2472424542584,0.416,0.115,0,24
"Nhlh1",0,3.60062748440786,0.329,0.029,0,24
"Gamt",0,2.51301176051953,0.371,0.092,0,24
"Ppp1r17",0,1.68787532260373,0.407,0.135,0,24
"Pkib",0,3.27040918697141,0.341,0.074,0,24
"Neurog3",0,6.25515022690935,0.273,0.006,0,24
"Phldb2",0,2.74911924822529,0.379,0.114,0,24
"Cdkn1c",0,2.00922466157647,0.889,0.629,0,24
"Serping1",0,2.29054536988072,0.335,0.078,0,24
"Slc25a5",0,2.1760520498257,0.981,0.736,0,24
"Dbx1",0,2.55456817697651,0.289,0.051,0,24
"Syt13",0,2.20465735196135,0.303,0.081,0,24
"Ebf2",0,1.93792159082543,0.283,0.069,0,24
"Plk3",0,2.28490713862739,0.279,0.073,0,24
"Rhbdl3",1.28028534172336e-289,1.68143121379011,0.371,0.125,5.19975088687525e-285,24
"Nup62cl",3.36852862839125e-286,2.45923381146183,0.278,0.079,1.36809421713482e-281,24
"St3gal1",2.02147115702126e-236,1.99233736780397,0.284,0.091,8.21000295712616e-232,24
"Itpr1",5.46813562580803e-231,2.15816690987791,0.278,0.09,2.22082860306567e-226,24
"Mamld1",5.73871031680656e-194,1.67341930333431,0.386,0.171,2.33071980806781e-189,24
"G0s2",7.47779805434459e-154,1.80874784110883,0.278,0.111,3.03703290179151e-149,24
"Gadd45a",1.46591683263883e-152,1.65998755360812,0.257,0.098,5.95367462407933e-148,24
"Cntn3",1.31667161037965e-138,1.84645781643469,0.297,0.13,5.34753007839591e-134,24
"Isl1",0,2.30652371074616,0.866,0.359,0,25
"Hmx2",0,2.99451718446989,0.615,0.111,0,25
"Gm14204",0,1.52623913232962,0.682,0.237,0,25
"Hmx3",0,2.87564843552312,0.535,0.095,0,25
"Dlx6os1",0,0.985164974019851,0.69,0.28,0,25
"Ecel1",0,2.10620411375247,0.402,0.1,0,25
"Bub3",0,1.60287927885046,0.833,0.585,0,25
"Tceal9",0,0.875366952294952,0.932,0.801,0,25
"Bex2",0,0.891664253868049,0.991,0.887,0,25
"Ssbp2",3.20198073126954e-298,0.865031120274564,0.938,0.806,1.30045245419781e-293,25
"Dlx2",4.63535828495792e-296,0.941569231352584,0.645,0.282,1.88260441385281e-291,25
"Zcchc12",2.13198995823811e-284,1.29269726339591,0.751,0.42,8.65886401638826e-280,25
"Dscaml1",1.80288992154035e-266,1.01617743810324,0.551,0.232,7.32225712734399e-262,25
"Cacna2d3",9.00466173000496e-265,1.52766312176842,0.611,0.321,3.65715331502421e-260,25
"Prox1os",1.08273785334489e-264,1.88990084699528,0.349,0.12,4.39743151757494e-260,25
"Lingo2",3.96115326114e-245,1.11481412957648,0.709,0.406,1.6087827854794e-240,25
"Nap1l5",1.97051648101978e-227,0.882915611326082,0.862,0.601,8.00305563601375e-223,25
"Gsx1",1.89417660695955e-225,1.65131280069388,0.282,0.09,7.69300887150551e-221,25
"Stmn4",6.76038959326405e-220,0.856718994106033,0.858,0.579,2.74566462940826e-215,25
"Slc32a1",1.16636382534534e-209,1.11231853906377,0.414,0.163,4.73707004025757e-205,25
"Peg10",3.2875852102302e-202,1.11519303984722,0.615,0.353,1.33521985728289e-197,25
"Cdk5r1",4.9772004402282e-193,0.872896564037394,0.799,0.557,2.02144018679428e-188,25
"Dlx5",2.84815066939066e-191,0.881268869572006,0.485,0.217,1.15674791286632e-186,25
"Nexmif",1.41394469881384e-181,1.13437216771826,0.687,0.453,5.74259499976253e-177,25
"Nyap2",1.38790960914816e-177,1.20844515413198,0.638,0.41,5.63685608659432e-173,25
"Prox1",7.08048134319386e-165,1.33423486167531,0.527,0.31,2.87566669272475e-160,25
"Otp",4.59351858391895e-160,0.923126761762827,0.457,0.222,1.86561163767284e-155,25
"Tafa2",7.06648041220257e-158,1.2843834664366,0.606,0.374,2.86998035461195e-153,25
"Tpgs2",1.37823301427462e-153,1.10263018696016,0.64,0.454,5.59755556417493e-149,25
"Celf6",7.72291825301308e-148,0.938603556780882,0.526,0.29,3.13658601927873e-143,25
"Fxyd7",9.13247984200269e-139,1.20425787955393,0.43,0.224,3.70906536303097e-134,25
"Cited1",1.42013903147589e-136,1.10152038731496,0.334,0.151,5.76775266243617e-132,25
"Klhdc8b",3.72886098815195e-131,1.02595475730189,0.492,0.284,1.51443960172803e-126,25
"Asb4",7.28222401246349e-126,1.03536548089775,0.447,0.246,2.95760246042192e-121,25
"Six6",1.36585146598038e-122,0.958349109709813,0.354,0.17,5.54726914393271e-118,25
"Tax1bp3",2.08596724540456e-121,0.915826234063424,0.571,0.377,8.47194737048608e-117,25
"Tiprl",1.79072984001287e-118,0.876159449151253,0.622,0.457,7.27287017222826e-114,25
"Kctd8",4.35398206422433e-115,1.30172396605345,0.28,0.126,1.76832627556407e-110,25
"Cntfr",1.31508064117835e-112,1.19613411406792,0.356,0.185,5.34106851608176e-108,25
"Gm17750",7.43506879193451e-111,1.33016950245013,0.313,0.153,3.01967883915628e-106,25
"Gpc3",5.34137425214595e-101,0.890228226952364,0.323,0.163,2.16934573876655e-96,25
"Rab33a",6.18490068148183e-99,0.953768849208447,0.446,0.269,2.51193556277703e-94,25
"Pbx3",2.48927521217289e-95,0.961563470709638,0.517,0.348,1.0109942346719e-90,25
"Rbp1",4.5354162810742e-90,1.52651645356328,0.283,0.146,1.84201396839547e-85,25
"Gm13889",5.88248572351075e-74,0.908355358188217,0.367,0.22,2.38911275174666e-69,25
"Rps6ka6",7.75036072839536e-73,1.16447163518322,0.324,0.191,3.14773150623049e-68,25
"Gck",3.12000892745647e-69,0.928440643380469,0.26,0.136,1.26716042579717e-64,25
"Bcl11b",8.8340098974854e-49,1.55451516838572,0.364,0.26,3.58784477976472e-44,25
"Gm20754",7.75068765557286e-48,0.859968756034089,0.305,0.191,3.14786428443436e-43,25
"Lmo3",8.77183091164581e-29,1.21498272617627,0.455,0.375,3.56259140645583e-24,25
"Mcm3",0,3.98534143045783,0.6,0.062,0,26
"Adgrv1",0,2.64626920399434,0.795,0.275,0,26
"Mcm6",0,3.16160312237795,0.661,0.142,0,26
"Hells",0,3.52100543365932,0.606,0.094,0,26
"Rrm2",0,2.90290233911638,0.564,0.089,0,26
"Uhrf1",0,3.58339730397326,0.528,0.064,0,26
"Dtl",0,3.93595845615599,0.516,0.053,0,26
"Mcm5",0,3.54362262182453,0.508,0.066,0,26
"Pclaf",0,2.64577205297673,0.512,0.073,0,26
"Mcm4",0,3.00803197952947,0.538,0.109,0,26
"Dhfr",0,3.18883935783374,0.512,0.087,0,26
"Atad2",0,3.29952971753415,0.496,0.071,0,26
"Nes",0,2.58690697186771,0.565,0.143,0,26
"Pola1",0,2.59624623776796,0.602,0.182,0,26
"Cdca7",0,3.0657684777387,0.477,0.069,0,26
"Pcna",0,2.52579934147702,0.684,0.277,0,26
"Mms22l",0,3.0021702891357,0.493,0.097,0,26
"E2f1",0,3.14543702166035,0.458,0.065,0,26
"Ung",0,4.07709640897365,0.426,0.036,0,26
"Hmga2",0,2.91299806027413,0.468,0.092,0,26
"Gmnn",0,3.00118181875435,0.451,0.075,0,26
"Rad51b",0,2.92686199093594,0.468,0.092,0,26
"Wnt7b",0,2.74603690460358,0.46,0.097,0,26
"Clspn",0,3.7022045333736,0.396,0.04,0,26
"Chaf1b",0,3.33310155631919,0.386,0.05,0,26
"Gins2",0,3.05985317582698,0.4,0.065,0,26
"Nr2e1",0,2.78868137908238,0.405,0.078,0,26
"Wdr76",0,2.5817536903123,0.416,0.096,0,26
"Chaf1a",0,3.23034647804132,0.368,0.056,0,26
"Pole",0,3.23509640209711,0.344,0.045,0,26
"Zfp367",0,2.49879255876837,0.383,0.089,0,26
"Rmi2",0,4.00307834639134,0.319,0.027,0,26
"Cenph",0,2.73726997200489,0.352,0.064,0,26
"Mtap",0,2.53933069708885,0.35,0.074,0,26
"Timeless",0,2.64692884335143,0.34,0.066,0,26
"Brca1",0,3.17167342182776,0.307,0.038,0,26
"Pole2",0,3.28233334345513,0.304,0.037,0,26
"Wee1",0,2.5032330905543,0.327,0.067,0,26
"Gli2",0,3.23405823762178,0.294,0.041,0,26
"Chek1",0,3.34241279324563,0.291,0.038,0,26
"Fignl1",0,2.81022957722098,0.302,0.049,0,26
"Rad51",0,2.76831947991285,0.3,0.048,0,26
"Pola2",0,2.64908405123807,0.312,0.066,0,26
"Kntc1",0,3.2644179460862,0.284,0.038,0,26
"Cdt1",0,3.33495339758235,0.273,0.032,0,26
"Zgrf1",0,3.14002946901182,0.279,0.044,0,26
"Ncapg2",0,2.64901147163272,0.284,0.054,0,26
"Cdc45",0,3.26537335701245,0.259,0.031,0,26
"Col18a1",0,2.95275437271511,0.261,0.041,0,26
"Ppic",0,2.49526265276157,0.271,0.056,0,26
"Cenpa",0,4.97109585995515,0.968,0.084,0,27
"Cdca8",0,4.45995066655469,0.931,0.087,0,27
"Cenpf",0,4.21953452542876,0.902,0.066,0,27
"Ccnb2",0,4.95685193397082,0.88,0.053,0,27
"Birc5",0,4.49527040288615,0.886,0.06,0,27
"Cdca3",0,4.50777996591803,0.865,0.058,0,27
"Knstrn",0,5.03319519333303,0.851,0.048,0,27
"Tpx2",0,4.41834129643668,0.85,0.061,0,27
"Cdc20",0,5.09620213914798,0.826,0.052,0,27
"Cks2",0,4.38813790263911,0.895,0.123,0,27
"Ube2c",0,3.8869109566381,0.856,0.089,0,27
"Ccna2",0,4.43564041265534,0.779,0.046,0,27
"Ccnb1",0,4.52868874895088,0.771,0.041,0,27
"Mki67",0,3.62247414795389,0.715,0.049,0,27
"Racgap1",0,3.48243545574349,0.759,0.097,0,27
"Tacc3",0,3.91396312880654,0.732,0.072,0,27
"Lockd",0,3.82365790097347,0.706,0.051,0,27
"Cenpe",0,3.98033331390826,0.702,0.05,0,27
"Pimreg",0,4.43590121813656,0.69,0.049,0,27
"Nde1",0,3.79715106690142,0.718,0.084,0,27
"Rrm2",0,3.26477918265912,0.686,0.087,0,27
"Pbk",0,3.68719292599172,0.64,0.048,0,27
"Spc24",0,3.34385586713875,0.588,0.058,0,27
"Mad2l1",0,3.68304468079637,0.562,0.055,0,27
"Cenpw",0,3.2541388380084,0.6,0.097,0,27
"Ckap2",0,3.61418683031278,0.567,0.067,0,27
"Hmmr",0,4.26620295248566,0.521,0.028,0,27
"Cdkn3",0,4.46849130356638,0.511,0.03,0,27
"Dlgap5",0,4.22234414559365,0.489,0.029,0,27
"Bub1b",0,3.92368309759216,0.495,0.036,0,27
"Kif22",0,3.54036457536204,0.485,0.046,0,27
"Cenpm",0,3.46004994704734,0.486,0.051,0,27
"Psrc1",0,4.35142317344611,0.444,0.023,0,27
"Aspm",0,3.87037239674057,0.445,0.029,0,27
"Bub1",0,3.95144718932256,0.444,0.029,0,27
"Nuf2",0,3.87102834740444,0.443,0.034,0,27
"Cip2a",0,3.90195886157413,0.44,0.036,0,27
"Kif2c",0,4.20368095210904,0.396,0.025,0,27
"Hmgb2",0,3.37426456908075,0.995,0.639,0,27
"Tuba1c",0,4.45174016025962,0.358,0.016,0,27
"Plk1",0,3.73511318642395,0.343,0.025,0,27
"Ckap2l",0,3.43912166937921,0.353,0.035,0,27
"Cdc25c",0,3.9215740366644,0.318,0.02,0,27
"Kif20a",0,3.90516085197568,0.307,0.023,0,27
"Cep55",0,3.286126084863,0.303,0.028,0,27
"Sgo1",0,3.18697831163566,0.303,0.033,0,27
"Sgo2a",0,3.49907451272785,0.297,0.029,0,27
"Ncapg",0,3.17222930566513,0.297,0.03,0,27
"Ska1",0,3.46743015693376,0.267,0.023,0,27
"Arhgap11a",0,3.29103081333062,0.251,0.028,0,27
"Ebf2",0,4.61904108785259,0.819,0.059,0,28
"Ebf3",0,3.90845586274932,0.819,0.072,0,28
"Neurod1",0,3.9354459929105,0.815,0.095,0,28
"Mfap4",0,3.64231580057638,0.758,0.098,0,28
"Mfng",0,2.77142921574614,0.801,0.154,0,28
"Ppp1r14a",0,4.69560083816909,0.695,0.051,0,28
"Neurog2",0,4.76508338432641,0.685,0.049,0,28
"Uncx",0,3.04470016803085,0.761,0.127,0,28
"C130093G08Rik",0,2.940635314006,0.772,0.146,0,28
"Nhlh2",0,2.79919018559595,0.829,0.21,0,28
"Igsf8",0,3.23645410524243,0.85,0.239,0,28
"Epha3",0,3.79924684642917,0.793,0.187,0,28
"Fam110a",0,3.12045673802908,0.801,0.208,0,28
"Tmem163",0,2.83248663825751,0.865,0.279,0,28
"Sim1",0,3.19675967737882,0.703,0.134,0,28
"Dll3",0,2.67649687122093,0.742,0.182,0,28
"Nhlh1",0,4.86630542933967,0.569,0.025,0,28
"Frmd4b",0,2.91839805499135,0.885,0.349,0,28
"Nrn1",0,3.12150577746572,0.629,0.102,0,28
"Rnd2",0,2.83583843014696,0.752,0.232,0,28
"Ccnd1",0,3.58075646599372,0.738,0.22,0,28
"Clvs1",0,2.821953440732,0.782,0.271,0,28
"Rspo3",0,5.61376293492521,0.537,0.027,0,28
"Eya2",0,5.08969872266191,0.534,0.028,0,28
"Bhlhe22",0,4.06723966380017,0.527,0.046,0,28
"Otp",0,2.57089231413821,0.698,0.218,0,28
"Rhbdl3",0,2.76393697772872,0.598,0.122,0,28
"Foxp4",0,2.5299926723827,0.635,0.172,0,28
"Sstr2",0,4.11296558012442,0.485,0.04,0,28
"Rgs16",0,2.68322784840145,0.55,0.119,0,28
"Gamt",0,2.98251633183868,0.521,0.09,0,28
"Dmrta2",0,4.53459536135871,0.457,0.026,0,28
"Nkd1",0,2.90986303206906,0.525,0.108,0,28
"Scrt2",0,2.81512089434274,0.501,0.094,0,28
"Cntn2",0,3.23083741923597,0.418,0.065,0,28
"Abcd2",0,2.89188757403141,0.422,0.069,0,28
"Chrna3",0,3.4195594352285,0.398,0.05,0,28
"Wscd2",0,2.48850810161912,0.458,0.116,0,28
"Neurod2",0,3.10144714140389,0.33,0.024,0,28
"Eomes",0,5.2923801406906,0.318,0.014,0,28
"Zbtb16",0,2.52178388112396,0.378,0.076,0,28
"Klhl35",0,2.61874640489118,0.351,0.065,0,28
"Angpt1",0,3.04685076355318,0.348,0.063,0,28
"Neurog1",0,5.81920441712009,0.29,0.007,0,28
"4930438E09Rik",0,4.91426015246265,0.293,0.012,0,28
"Akr1b8",0,2.94959450174482,0.304,0.045,0,28
"Rassf4",0,2.99564870831273,0.281,0.043,0,28
"Cmtm7",0,2.64160713190198,0.269,0.042,0,28
"Mab21l2",0,2.98604122849106,0.253,0.03,0,28
"Crybg3",0,3.31067122642506,0.25,0.03,0,28
"Nhlh2",0,3.21773299330382,0.899,0.211,0,29
"Pantr1",0,3.32785870189696,0.908,0.23,0,29
"Ebf3",0,3.63507247025375,0.745,0.076,0,29
"Nrn1",0,3.58721462774913,0.742,0.102,0,29
"Uncx",0,3.1452895052165,0.755,0.13,0,29
"Sim1",0,3.11038797027484,0.759,0.135,0,29
"Tmem163",0,2.82568732088744,0.894,0.281,0,29
"Nxph4",0,3.6209171284332,0.66,0.091,0,29
"Emx2",0,4.28472417612552,0.599,0.047,0,29
"Gm27199",0,2.83129955959708,0.736,0.191,0,29
"Otx2os1",0,5.08348802758526,0.573,0.035,0,29
"Lhx5",0,2.72827571076412,0.724,0.188,0,29
"Pitx2",0,5.09611036866076,0.556,0.027,0,29
"Ppp1r14a",0,3.89436328846497,0.585,0.056,0,29
"Neurog2",0,4.52005931958373,0.572,0.053,0,29
"Neurod1",0,2.98080886967336,0.618,0.1,0,29
"Pou3f3",0,2.62597282981345,0.658,0.143,0,29
"Nkx2-4",0,2.20642079730505,0.786,0.272,0,29
"Rgmb",0,2.42071756597781,0.792,0.281,0,29
"Spock1",0,2.61385622297719,0.779,0.272,0,29
"Cacna2d1",0,2.69368861268208,0.965,0.466,0,29
"Otx2",0,4.42272475199333,0.522,0.035,0,29
"Galnt9",0,3.56069100792072,0.578,0.098,0,29
"Pou3f4",0,2.81197423152888,0.592,0.115,0,29
"Mfng",0,2.18473038108988,0.62,0.159,0,29
"Ebf2",0,3.31436764888254,0.517,0.067,0,29
"Fezf2",0,3.13230689236264,0.562,0.121,0,29
"Ebf1",0,2.32503846813767,0.545,0.108,0,29
"Mfap4",0,2.51989273537061,0.538,0.104,0,29
"B230323A14Rik",0,2.47322123135918,0.458,0.078,0,29
"Foxb1",0,2.87147737535444,0.432,0.053,0,29
"Chst8",0,2.377421576071,0.436,0.104,0,29
"Cntn2",0,2.79358421761843,0.384,0.067,0,29
"Nhlh1",0,3.53676516812417,0.343,0.031,0,29
"Gm34923",0,4.15888762039193,0.334,0.025,0,29
"Gm44593",0,3.97384918085697,0.338,0.035,0,29
"Vav3",0,2.20502889855755,0.43,0.127,0,29
"Klhl35",0,2.73220326537825,0.359,0.066,0,29
"Mybpc1",0,6.35576238982759,0.291,0.006,0,29
"Emx2os",0,4.03165594095961,0.299,0.02,0,29
"Gjd2",0,3.29268809809321,0.322,0.046,0,29
"Cacng3",0,3.33313798878408,0.309,0.038,0,29
"A530058N18Rik.1",0,3.79599807003141,0.291,0.028,0,29
"A530058N18Rik",0,3.66784508734149,0.287,0.03,0,29
"Dbx1",0,2.55037132683877,0.296,0.053,0,29
"Mecom",0,2.39337512960237,0.277,0.046,0,29
"Ntng2",0,2.91450208185548,0.268,0.045,0,29
"Klhdc8a",0,2.94328267790973,0.259,0.043,0,29
"Klhl1",1.74259443496568e-296,2.32306893906647,0.335,0.083,7.07737303816963e-292,29
"Grin2a",2.4831373102919e-166,2.35803677675367,0.316,0.11,1.00850138720195e-161,29
"Spef2",0,5.00546083649151,0.718,0.033,0,30
"Dynlrb2",0,5.13640932770248,0.696,0.025,0,30
"Pifo",0,5.30261311477808,0.676,0.025,0,30
"Col23a1",0,4.80315738477921,0.657,0.057,0,30
"Hspa2",0,5.11036211933263,0.618,0.035,0,30
"Cfap52",0,5.63424695313042,0.566,0.014,0,30
"Ccdc114",0,4.83523295891419,0.575,0.033,0,30
"S100a6",0,5.04025284881969,0.603,0.068,0,30
"Ak9",0,5.04638412888978,0.552,0.019,0,30
"Cfap126",0,5.62637121832192,0.547,0.017,0,30
"Dnah11",0,5.35760253104106,0.547,0.022,0,30
"Iqub",0,4.75207605007426,0.539,0.026,0,30
"2410004P03Rik",0,5.65764074370808,0.52,0.016,0,30
"Dnah6",0,5.04739126575579,0.523,0.02,0,30
"Cfap299",0,5.1907347931082,0.516,0.019,0,30
"Gm17455",0,5.06112362198108,0.495,0.022,0,30
"Ccdc146",0,5.06549668774134,0.467,0.016,0,30
"Nek5",0,5.44775517876118,0.457,0.013,0,30
"Wdr63",0,5.13178735773792,0.45,0.014,0,30
"Crym",0,6.05125305015225,0.431,0.02,0,30
"Capsl",0,4.99931628762322,0.424,0.017,0,30
"Ddo",0,4.70453433879502,0.429,0.024,0,30
"1700028P14Rik",0,5.49875423533568,0.414,0.011,0,30
"1700016K19Rik",0,5.0432654773771,0.404,0.014,0,30
"Daw1",0,4.88565916211863,0.395,0.014,0,30
"Ttc21a",0,5.09610965504859,0.383,0.013,0,30
"C230072F16Rik",0,5.80486966161116,0.375,0.008,0,30
"Bbox1",0,5.89879553354033,0.374,0.009,0,30
"Ttll8",0,4.80513515533995,0.381,0.017,0,30
"Ccdc170",0,5.70055964744414,0.368,0.009,0,30
"Dnajb13",0,5.62378877422976,0.366,0.009,0,30
"Ccdc80",0,4.77642850364842,0.356,0.02,0,30
"Traf1",0,5.64007585721027,0.343,0.009,0,30
"Clec3b",0,6.14458685665784,0.337,0.01,0,30
"Rarres2",0,4.84005159002304,0.336,0.012,0,30
"Dnali1",0,5.18964009373921,0.323,0.008,0,30
"Tshr",0,4.72192154509357,0.335,0.02,0,30
"Drc7",0,5.38280499586899,0.309,0.009,0,30
"Ppp1r36",0,5.7854676474774,0.304,0.007,0,30
"3300002A11Rik",0,5.07310625343895,0.305,0.012,0,30
"Ccdc180",0,5.66100303973778,0.297,0.006,0,30
"Cfap65",0,4.93464609248636,0.296,0.01,0,30
"Togaram2",0,4.93648543206208,0.291,0.012,0,30
"Gm31592",0,5.76731009049883,0.287,0.01,0,30
"Calml4",0,5.54029716998087,0.28,0.007,0,30
"Catip",0,5.32443126072077,0.28,0.008,0,30
"Fam166b",0,5.90665653569827,0.278,0.006,0,30
"Iqca",0,4.92179053016067,0.264,0.009,0,30
"Lrrc74b",0,5.00482292708499,0.255,0.008,0,30
"Thrsp",0,5.19776029116188,0.257,0.012,0,30
"Hes1",0,3.73084975603671,0.743,0.121,0,31
"Igfbp5",0,3.14315853365323,0.876,0.263,0,31
"Maf",0,4.19282607277555,0.661,0.083,0,31
"Mgst1",0,3.2355599675049,0.696,0.131,0,31
"Kitl",0,3.62667027530746,0.618,0.082,0,31
"Cp",0,4.98806907606888,0.594,0.061,0,31
"Tgfb2",0,5.02707770725591,0.626,0.095,0,31
"Gm5089",0,4.38588114702936,0.571,0.056,0,31
"Gsta4",0,4.1264276103536,0.575,0.061,0,31
"Pdzrn3",0,3.38216222330258,0.619,0.107,0,31
"Selenop",0,3.52917173160018,0.576,0.068,0,31
"Col2a1",0,3.99348032240103,0.551,0.069,0,31
"Bmpr1b",0,3.19084205787302,0.579,0.107,0,31
"Col4a1",0,3.99206018902089,0.432,0.052,0,31
"Id1",0,3.21490014819473,0.451,0.087,0,31
"Socs3",0,3.65651398064172,0.459,0.105,0,31
"Tst",0,3.39209658355583,0.39,0.063,0,31
"Gm29266",0,4.11007331067156,0.345,0.03,0,31
"Bcar3",0,3.13006318371289,0.385,0.071,0,31
"Col4a2",0,3.80230276924582,0.366,0.052,0,31
"Itm2a",0,3.31441605479492,0.372,0.064,0,31
"Snhg18",0,3.48548346672147,0.353,0.049,0,31
"Ccn1",0,3.39168267402018,0.361,0.061,0,31
"Col23a1",0,3.50995696112712,0.357,0.063,0,31
"Pax2",0,5.95140655304853,0.306,0.012,0,31
"Zfp36",0,4.0085139939501,0.328,0.037,0,31
"S1pr3",0,4.78089445585851,0.304,0.018,0,31
"Atf3",0,4.55301058363706,0.308,0.023,0,31
"Gng11",0,3.67720095743877,0.314,0.039,0,31
"Fgf8",0,5.05440327142042,0.279,0.02,0,31
"Lrp2",0,3.67941192912084,0.294,0.038,0,31
"A730094K22Rik",0,4.58739345142277,0.274,0.018,0,31
"H19",0,5.57665370773616,0.27,0.016,0,31
"Sntb1",0,3.82884914326308,0.282,0.034,0,31
"Col1a2",0,4.01837226583397,0.252,0.027,0,31
"Pdgfd",2.10732577736434e-307,3.75604275439099,0.288,0.043,8.55869291218754e-303,31
"Gm29478",2.61349541508838e-302,3.58785962014694,0.297,0.045,1.06144502788399e-297,31
"Npl",4.89256376302454e-294,3.38954476304742,0.335,0.059,1.98706584671479e-289,31
"Il17rd",7.51156261727349e-288,3.23190450606816,0.37,0.073,3.05074604137946e-283,31
"Fbxo2",1.20979046624236e-279,3.86451434985006,0.328,0.061,4.91344299959673e-275,31
"Fosb",4.49485454155574e-258,3.41783117267449,0.526,0.163,1.82554022350745e-253,31
"Klf2",4.53785986768577e-254,3.87827572069647,0.392,0.092,1.8430064066619e-249,31
"Cpne8",2.23652858811417e-248,3.12540569628993,0.339,0.069,9.08343720776689e-244,31
"Nfatc2",1.95697582145464e-234,3.54475882702188,0.348,0.077,7.94806160125589e-230,31
"Cebpd",2.43694448324191e-224,4.13796482218184,0.251,0.043,9.89740632423867e-220,31
"Fos",6.55782693670736e-217,3.37417001024223,0.713,0.372,2.66339583207433e-212,31
"Gem",3.2224916654378e-215,3.63570157114651,0.264,0.048,1.30878276500091e-210,31
"Cebpb",8.41122133189832e-215,3.51595824690893,0.255,0.046,3.41613343173718e-210,31
"Klf4",4.44372942288173e-204,3.38053930429204,0.352,0.087,1.80477626780919e-199,31
"Junb",6.37870535731807e-194,3.38898651591145,0.459,0.156,2.59064739382116e-189,31
"Tmsb10",6.73900660004038e-189,1.48002660021544,0.99,0.918,2.7369801405404e-184,32
"Stmn3",1.68289986376712e-154,1.35693587153964,0.957,0.823,6.83492950670379e-150,32
"Bex2",1.06254095630315e-140,1.34233358430919,0.932,0.889,4.31540383992961e-136,32
"Gm1673",1.15396881237461e-128,1.27873181566741,0.889,0.87,4.68672893457822e-124,32
"Tubb2a",2.72380139920351e-120,1.37429463770136,0.913,0.785,1.10624470027251e-115,32
"Pcsk1n",3.36924017982894e-119,1.30960672222227,0.901,0.783,1.36838320663572e-114,32
"Gap43",4.67230887976105e-107,1.47996726893984,0.873,0.633,1.89761152842615e-102,32
"Atp5md",2.34970669350649e-93,1.29997662409901,0.811,0.81,9.54309876500726e-89,32
"Ly6h",2.89806664175264e-84,1.23041501056399,0.849,0.781,1.17702078588142e-79,32
"Uchl1",5.89935190744278e-83,1.19345767139397,0.889,0.816,2.39596278368881e-78,32
"Fxyd6",1.80415674748181e-82,1.38164034953598,0.798,0.738,7.32740221422261e-78,32
"Ubb",1.34004739581286e-70,1.19495596286849,0.965,0.948,5.44246849335435e-66,32
"Cnih2",5.75654359697724e-70,1.60982965270403,0.688,0.578,2.33796261647634e-65,32
"Gng3",1.22611160685565e-66,1.3761708348764,0.722,0.612,4.97972968008355e-62,32
"Rab3a",3.36480468088584e-64,1.49367688290481,0.68,0.587,1.36658177309497e-59,32
"mt-Co1",1.16526927162939e-61,1.20510839632047,0.882,0.918,4.73262461979561e-57,32
"Bex1",1.82916224837309e-60,1.577679176059,0.684,0.621,7.42895955554248e-56,32
"Atp5k",5.05815739289242e-55,1.29006495466425,0.695,0.727,2.05432004354933e-50,32
"Map1lc3a",1.27179206138623e-53,1.2421552924745,0.72,0.738,5.16525627811403e-49,32
"mt-Atp6",2.26081576654828e-42,1.64535793691765,0.757,0.809,9.18207715425919e-38,32
"Atp5l",7.2436721087635e-38,1.20365815484264,0.677,0.752,2.94194499025321e-33,32
"Ndufa5",5.27060252228767e-36,1.36359286371581,0.615,0.663,2.14060250840191e-31,32
"Rnf227",6.01364730387051e-30,1.62422716498314,0.568,0.523,2.44238271599397e-25,32
"Rac3",1.69636061152963e-28,1.85940284514697,0.482,0.391,6.88959898766642e-24,32
"Caly",1.66710196769804e-25,1.67198311425543,0.479,0.395,6.77076793160882e-21,32
"Nap1l5",1.75682523121868e-25,1.27437337399546,0.609,0.607,7.13516999407156e-21,32
"mt-Co3",4.41114326771817e-24,1.68511306998423,0.626,0.665,1.79154172675106e-19,32
"Zcchc12",2.05647913757023e-23,1.3800627949534,0.507,0.427,8.35218436932772e-19,32
"Hap1",5.69301672820108e-21,1.27344809509982,0.555,0.523,2.31216181399159e-16,32
"Ttc9b",1.78137340192906e-18,1.51098168724463,0.486,0.465,7.23486993459469e-14,32
"Serp2",1.6312768293949e-17,1.64831535167542,0.472,0.444,6.62526771490443e-13,32
"Bex4",4.87515013774468e-16,1.32352922432326,0.526,0.581,1.97999347694363e-11,32
"Fxyd7",1.12254945279857e-15,1.93104216428439,0.316,0.228,4.55912234759612e-11,32
"Fabp3",1.16621015636536e-15,1.89800982908086,0.362,0.29,4.73644592906228e-11,32
"Pcp4",3.35855686680745e-15,1.71309404148337,0.388,0.308,1.36404428588518e-10,32
"Ndufb2",8.76474539708569e-15,1.24225556478608,0.533,0.61,3.55971369557238e-10,32
"Resp18",3.06461891412463e-14,1.61864635172071,0.413,0.359,1.24466432578258e-09,32
"C1qtnf4",1.64618771448132e-13,1.31730306767893,0.463,0.431,6.68582678359443e-09,32
"mt-Co2",7.48223096970851e-13,1.6291220229294,0.564,0.623,3.03883328603741e-08,32
"Trappc2l",1.34162157928716e-10,1.22551255241782,0.485,0.542,5.44886188211687e-06,32
"Sec61g",1.95124292251667e-10,1.34963139707529,0.525,0.608,7.9247780055092e-06,32
"Camk2n2",4.07302485415864e-09,1.64006691406906,0.386,0.382,0.000165421831426799,32
"Enho",2.39885014529612e-08,1.3238410544486,0.45,0.482,0.000974268998010565,32
"Hcfc1r1",5.99153808127195e-07,1.46200518077536,0.405,0.429,0.0243340327632779,32
"Cd200",2.15192416029543e-06,1.20506284800722,0.421,0.44,0.0873982478462385,32
"Tspyl4",3.83454033984799e-05,1.24639967604601,0.456,0.52,1,32
"Scg2",0.000182711547468034,1.25734027452311,0.261,0.231,1,32
"Grcc10",0.00562318231116883,1.28825913495636,0.367,0.42,1,32
"Smim18",0.00601516405112112,1.49253301316752,0.262,0.263,1,32
"Ccl27a",0.00652032113765142,1.3049726266,0.359,0.41,1,32
"Epha3",0,3.70853515996987,0.757,0.195,0,33
"Neurod6",0,7.59110806644431,0.547,0.012,0,33
"Foxg1",0,2.94145692756377,0.66,0.144,0,33
"Neurod2",0,6.80823408409223,0.532,0.026,0,33
"Tbr1",0,5.98249447696918,0.513,0.011,0,33
"Cntn2",0,4.27090132763228,0.513,0.07,0,33
"Prdm8",0,4.41641854007477,0.34,0.034,0,33
"Emx1",0,7.48097834961913,0.278,0.003,0,33
"Aff3",6.22394134154103e-261,2.48159448860387,0.932,0.537,2.52779153645347e-256,33
"Sorbs2",4.46325953562107e-231,2.25442717558723,0.955,0.7,1.81270822779714e-226,33
"Nrn1",3.64819499081985e-230,2.4343398664701,0.513,0.11,1.48167791357157e-225,33
"Ntng2",1.4413822720422e-214,3.69883087517366,0.309,0.047,5.8540299596722e-210,33
"3110039M20Rik",1.56882720880367e-201,2.74144952029502,0.346,0.058,6.37163482583521e-197,33
"Ccser1",1.35666163648689e-195,2.26217864282807,0.964,0.693,5.50994557042785e-191,33
"Neurod1",1.43247078423864e-194,2.73848666693814,0.461,0.106,5.81783684310681e-190,33
"Cabp1",1.2782276723795e-177,3.70235705269862,0.29,0.049,5.1913938686021e-173,33
"Tiam2",7.21318746849491e-173,3.65016947811293,0.377,0.083,2.92956395845452e-168,33
"Sstr2",8.0789472512821e-170,3.72998601712206,0.28,0.047,3.28118363663571e-165,33
"Scrt2",3.55150309487738e-168,2.79845686896962,0.421,0.1,1.4424074669535e-163,33
"Cdon",2.29077965178923e-166,3.01937016385881,0.351,0.072,9.30377247777678e-162,33
"Frmd4b",2.05606225132778e-163,2.25789999991305,0.746,0.357,8.35049122754264e-159,33
"Plxna4",2.88675277532191e-159,3.04404464581355,0.649,0.282,1.17242577216924e-154,33
"9130024F11Rik",3.04575991070516e-159,2.81065703573167,0.325,0.063,1.23700493013379e-154,33
"Efnb2",6.54880875134992e-158,2.77823365398606,0.429,0.11,2.65973318627326e-153,33
"Bcl11b",7.03417388201555e-156,2.36825778654295,0.649,0.26,2.8568593804418e-151,33
"Nkain3",5.49438063651371e-155,2.27499240098664,0.828,0.468,2.23148775171368e-150,33
"Bhlhe22",6.12599359510565e-154,3.21690867230076,0.291,0.054,2.48801103871621e-149,33
"Clvs1",6.50107392621088e-152,2.30185875899827,0.675,0.278,2.64034616439129e-147,33
"Robo2",9.07941561360924e-148,2.53665574866555,0.759,0.422,3.68751385731126e-143,33
"Plxna2",3.20468393420333e-147,2.7352295892965,0.621,0.253,1.30155033303734e-142,33
"Rnd2",3.3589028298649e-139,3.38796545250278,0.571,0.24,1.36418479532133e-134,33
"Zbtb18",4.88150308130287e-129,2.82741302804094,0.489,0.171,1.98257366144035e-124,33
"Id2",3.19279508299254e-128,3.06186110429741,0.581,0.25,1.29672179500659e-123,33
"Ppp1r14a",1.91749772524712e-127,2.33479942526371,0.296,0.063,7.78772526131867e-123,33
"Wnt7b",9.4080495825844e-124,2.38791344282105,0.382,0.103,3.82098525747083e-119,33
"Ndst3",1.20136224092763e-113,2.63297992113998,0.343,0.09,4.87921260530347e-109,33
"Epha5",1.90676704417842e-111,2.43606611617775,0.739,0.49,7.74414367322622e-107,33
"Tmem178",1.21269012557884e-99,2.4437625401527,0.45,0.163,4.92521967602588e-95,33
"Chst8",4.21737218850057e-94,3.00807619367742,0.351,0.108,1.71284354063762e-89,33
"Mn1",1.60440706196502e-86,2.17043758266053,0.469,0.198,6.51613884146473e-82,33
"Znrf2",5.30000543314258e-86,2.29397215804516,0.432,0.172,2.15254420661653e-81,33
"Ebf1",1.03491941499154e-79,2.84068096152974,0.345,0.114,4.20322171204665e-75,33
"Nfib",3.27005802861617e-73,2.35744792637571,0.667,0.502,1.32810136774217e-68,33
"Dpy19l1",7.8440999588238e-73,2.56127588301534,0.375,0.149,3.1858027572767e-68,33
"Cdh12",1.5547346433209e-70,2.3733940325783,0.285,0.089,6.3143992803835e-66,33
"Fam49a",2.54238840052342e-66,2.33655497329263,0.393,0.171,1.03256562498858e-61,33
"A730020E08Rik",4.1155292793984e-64,2.26673120623353,0.256,0.078,1.67148106153486e-59,33
"Kcnq3",5.28458637408677e-61,2.17638641208751,0.547,0.322,2.1462819099716e-56,33
"Mdga1",8.05352250293578e-52,2.23094019911743,0.332,0.139,3.27085762934234e-47,33
"Sim1",2.1548737701252e-27,2.36194652248352,0.28,0.144,8.75180432998647e-23,33
"Laptm5",0,11.7214043832354,0.535,0.002,0,34
"Fcer1g",0,10.7361975795495,0.524,0.003,0,34
"C1qc",0,13.5398847428693,0.506,0.001,0,34
"C1qa",0,13.6973704594175,0.506,0.001,0,34
"Fcrls",0,13.717548162383,0.503,0,0,34
"C1qb",0,13.7598494437287,0.503,0.001,0,34
"Tyrobp",0,13.1481867669283,0.503,0.001,0,34
"Ly86",0,11.9762005276607,0.494,0.001,0,34
"Csf1r",0,11.8958504009504,0.494,0.002,0,34
"Ctss",0,11.9795669108749,0.491,0.001,0,34
"Cfh",0,13.0696039821544,0.488,0,0,34
"Fcgr3",0,11.4997022633982,0.488,0.001,0,34
"Trem2",0,13.6557688393292,0.482,0,0,34
"Aif1",0,11.0206637433285,0.482,0.001,0,34
"Ccl3",0,14.5257753939462,0.468,0,0,34
"Spi1",0,11.4491138203957,0.468,0.001,0,34
"Cd86",0,13.8363874246286,0.45,0,0,34
"Ccl4",0,14.7505152886522,0.444,0.001,0,34
"C3ar1",0,11.5407498234439,0.438,0.001,0,34
"Lyz2",0,11.8369732749874,0.438,0.001,0,34
"Rasgrp3",0,10.5746780575134,0.429,0.001,0,34
"Mpeg1",0,11.1714560908368,0.426,0,0,34
"Rac2",0,11.2490875117541,0.409,0,0,34
"Cd300c2",0,12.3772573884673,0.4,0,0,34
"Mir142hg",0,12.8038733040551,0.397,0,0,34
"Ltc4s",0,11.1192514076496,0.394,0,0,34
"Cd84",0,10.6163351687376,0.391,0.001,0,34
"Col3a1",0,11.5099470827907,0.382,0,0,34
"Siglech",0,12.3098588566857,0.382,0,0,34
"Fcgr1",0,11.3598722276534,0.379,0,0,34
"Ighm",0,13.3568482123563,0.374,0,0,34
"Cd33",0,12.4513833412196,0.365,0,0,34
"Bcl2a1b",0,14.0836601531895,0.35,0,0,34
"Bin2",0,11.5351483021043,0.35,0,0,34
"Klhl6",0,12.0356369228169,0.344,0,0,34
"Ccl12",0,14.3179866836443,0.335,0,0,34
"Ccl2",0,10.4470908219264,0.329,0.001,0,34
"Vav1",0,11.9029288386282,0.326,0,0,34
"C5ar1",0,12.3758820091528,0.315,0,0,34
"Il1a",0,13.2430785535193,0.309,0,0,34
"Nlrp3",0,11.3233524430939,0.297,0,0,34
"Ms4a6d",0,11.9168691618442,0.276,0,0,34
"Ccrl2",0,11.8045978766876,0.274,0,0,34
"Lrrc25",0,11.2031501263475,0.271,0,0,34
"Ccl9",0,12.5693324164137,0.271,0,0,34
"P2ry13",0,10.8689718749888,0.268,0,0,34
"Casp4",0,11.0169625480857,0.265,0,0,34
"Ccl6",0,13.2616390245132,0.259,0,0,34
"Slfn2",0,10.6342970530359,0.253,0,0,34
"Gpr84",0,10.6446241468806,0.25,0.001,0,34
"Sox14",3.34433938616228e-288,2.33217433911185,0.694,0.093,1.35826999829595e-283,35
"Chchd10",3.74961150855025e-168,1.89563665441928,0.791,0.194,1.5228672180826e-163,35
"Gpr149",2.78262624554373e-163,2.58455439392727,0.345,0.041,1.13013582336513e-158,35
"Nr5a1",1.80874969698311e-161,2.47754913029774,0.33,0.038,7.34605601932718e-157,35
"9130024F11Rik",7.18672054082715e-155,2.26679417956127,0.43,0.064,2.91881468045154e-150,35
"Gm2694",2.74168807990456e-151,1.54616205417059,0.848,0.234,1.11350919677244e-146,35
"Cbln1",9.02986717903248e-139,1.60044453608188,0.673,0.152,3.66739025609225e-134,35
"Plp1",2.97225846839711e-126,1.77376355397323,0.655,0.165,1.2071530543548e-121,35
"Nptx2",4.87624340615231e-112,1.72084044956173,0.548,0.124,1.9804374969747e-107,35
"Fezf1",1.29559926566605e-110,1.5130014169175,0.615,0.149,5.26194685757609e-106,35
"Satb2",6.76114741299321e-98,1.50353867793577,0.473,0.106,2.74597241031306e-93,35
"Rbfox1",1.29387876545468e-79,1.20728405589999,0.915,0.481,5.25495921801762e-75,35
"Tmem35a",5.03672677425119e-78,1.38716480883261,0.794,0.311,2.04561621209438e-73,35
"C130093G08Rik",1.00786123165383e-77,1.1104556959968,0.561,0.156,4.09332760623885e-73,35
"Cnr1",6.42942939958511e-74,1.28897625515905,0.727,0.265,2.6112484563475e-69,35
"Btbd11",1.64786979882628e-71,1.29433472122407,0.558,0.169,6.69265840095305e-67,35
"Nr2f2",3.46190357928793e-70,1.12400115262505,0.982,0.643,1.406017519692e-65,35
"Nup62cl",9.4654400055023e-66,1.44860717564987,0.352,0.083,3.84429380383471e-61,35
"Slit3",5.63117027288254e-64,1.58997257129616,0.473,0.143,2.28704349462851e-59,35
"Ina",1.78748844254692e-59,0.88801330192934,0.997,0.657,7.25970556056008e-55,35
"Robo2",3.57550944207157e-58,0.836882789853719,0.873,0.423,1.45215740480295e-53,35
"Prdm12",1.82968046266846e-56,1.31131009886351,0.288,0.064,7.4310642310817e-52,35
"Car10",1.08555712925538e-54,0.861744509001528,0.57,0.205,4.40888172475779e-50,35
"Shtn1",4.42169537815298e-51,0.765649563098288,0.888,0.451,1.79582736088305e-46,35
"Calb1",3.25554681118917e-50,0.774271868622197,0.573,0.207,1.32220778189637e-45,35
"Rnd3",1.70394311790337e-46,0.960455192252419,0.918,0.561,6.92039457905273e-42,35
"Vstm2a",2.73099967689175e-44,0.980082292781396,0.342,0.098,1.10916820877282e-39,35
"Lemd1",8.3460528212893e-44,0.807154080774535,0.524,0.184,3.38966589283844e-39,35
"Trim17",7.87775815518459e-43,0.928624896821557,0.491,0.175,3.19947269714667e-38,35
"Akap12",6.30088474146603e-42,0.949729624104145,0.509,0.189,2.55904132889901e-37,35
"Prkar2b",1.75888652527448e-40,0.835076370671048,0.824,0.423,7.14354173374978e-36,35
"4930483P17Rik",1.94678872291057e-40,0.99147001090778,0.452,0.157,7.90668771922898e-36,35
"Pam",2.22372540571217e-38,0.823172353573838,0.833,0.492,9.03143836275942e-34,35
"Hcn1",5.24618847116878e-38,0.790550181454573,0.388,0.132,2.13068698568049e-33,35
"Gpr176",5.95121724051878e-38,1.40175254917319,0.267,0.075,2.4170273700643e-33,35
"S100a10",1.95258614963595e-36,1.13118406187956,0.527,0.224,7.93023338813144e-32,35
"Cdc42ep3",2.08061326295494e-36,0.778568995991322,0.639,0.282,8.45020270616518e-32,35
"Pnma2",1.45983058189478e-35,0.943902018933887,0.421,0.151,5.92895592530746e-31,35
"Isyna1",2.66002182494216e-34,0.774900068420823,0.548,0.224,1.08034126398201e-29,35
"Stard9",1.03121257630205e-33,0.839303571994909,0.448,0.172,4.18816675739315e-29,35
"Pink1",1.5753341800952e-31,0.807563398383625,0.6,0.27,6.39806223903864e-27,35
"Kif26a",1.62148790712623e-31,0.868888165283517,0.388,0.142,6.58551098600248e-27,35
"Arg2",5.93790670439374e-28,0.926389259640684,0.33,0.12,2.41162142892247e-23,35
"Acer2",8.49204907659421e-27,0.797980461398137,0.348,0.13,3.44896081196797e-22,35
"Gm42853",3.2932922766094e-26,0.802854119183309,0.282,0.096,1.33753772522214e-21,35
"Rtn4r",7.10866459757388e-26,1.05344373843944,0.255,0.084,2.88711303965865e-21,35
"Zfp385b",2.72201145224307e-24,0.871752678351151,0.258,0.09,1.105517731214e-19,35
"Snca",2.81572721345394e-21,1.06406654277422,0.458,0.228,1.14357945047218e-16,35
"Gtsf2",1.53880272016697e-19,1.0366191424074,0.255,0.099,6.24969336768614e-15,35
"3010003L21Rik",5.97148681655357e-19,0.788022466432198,0.309,0.13,2.42525965567507e-14,35
"Gpr17",0,7.18375571813338,0.966,0.033,0,36
"Pllp",0,6.33794824766901,0.931,0.025,0,36
"Bcas1",0,7.81816470232598,0.96,0.058,0,36
"S100a13",0,6.42973518990667,0.96,0.063,0,36
"Fa2h",0,6.83259022147748,0.914,0.019,0,36
"Itpr2",0,5.78225822750087,0.96,0.076,0,36
"Gal3st1",0,5.75867450495025,0.914,0.034,0,36
"Sox8",0,5.57846556316958,0.931,0.056,0,36
"Ppp1r16b",0,5.5820963149382,0.931,0.062,0,36
"9630013A20Rik",0,7.67225503185523,0.879,0.01,0,36
"Lims2",0,6.32321643605683,0.897,0.046,0,36
"Myrf",0,7.06386979273809,0.856,0.011,0,36
"9530059O14Rik",0,6.05477900347861,0.937,0.108,0,36
"Neu4",0,8.94595891934481,0.816,0.004,0,36
"Bmp4",0,8.63882043520894,0.816,0.006,0,36
"Gm10863",0,5.65698319461004,0.816,0.026,0,36
"Plxnb3",0,7.2925648075241,0.787,0.009,0,36
"Cerox1",0,5.51913500824637,0.805,0.03,0,36
"Enpp6",0,10.7356379671885,0.776,0.002,0,36
"Elovl7",0,5.46908984248399,0.713,0.024,0,36
"Spsb1",0,5.46435106053409,0.644,0.021,0,36
"Gm47135",0,6.69272524080765,0.626,0.007,0,36
"Epcam",0,6.32141854607875,0.632,0.016,0,36
"Zfp488",0,6.04354979597598,0.609,0.01,0,36
"Dusp9",0,5.46506351289416,0.557,0.011,0,36
"Lgi3",0,5.8176145169119,0.557,0.017,0,36
"Fam163a",0,5.49028436368858,0.534,0.013,0,36
"Bfsp2",0,5.49300750514431,0.534,0.015,0,36
"Gm37731",0,5.70883267445839,0.517,0.007,0,36
"Cldn11",0,8.01395376689328,0.511,0.004,0,36
"Gjc3",0,5.55655200976389,0.494,0.011,0,36
"Mroh3",0,5.37518897926698,0.494,0.013,0,36
"Tmem88b",0,6.90767955057681,0.477,0.004,0,36
"Srpk3",0,6.9666443036994,0.443,0.003,0,36
"Gm15222",0,6.48118973955481,0.414,0.003,0,36
"1700047M11Rik",0,9.01002687819062,0.397,0.001,0,36
"Rinl",0,5.33152445878267,0.379,0.008,0,36
"Bcas1os2",0,6.07653928344695,0.316,0.003,0,36
"Mag",0,7.36924267161307,0.299,0.009,0,36
"Pvalb",0,6.94404055046186,0.287,0.002,0,36
"Matn1",0,8.84876055504214,0.282,0.001,0,36
"Plekhf1",0,6.27246902695029,0.276,0.003,0,36
"Pla2g4a",0,5.67182119672821,0.253,0.005,0,36
"Tns3",1.73709522575145e-300,5.50373183928134,0.948,0.124,7.05503854986695e-296,36
"Epb41l2",1.89374000070268e-293,5.51123016994107,0.954,0.127,7.69123563885386e-289,36
"Tnr",6.95184173537795e-258,5.69352451066962,0.96,0.155,2.8234210024064e-253,36
"Cnp",4.76028705956613e-251,6.07071333686375,0.96,0.157,1.93334298637219e-246,36
"E330020D12Rik",5.50455076424024e-244,5.45886277783984,0.276,0.011,2.23561824738853e-239,36
"Mbp",7.24205749758649e-233,6.49055169336823,0.897,0.137,2.94128923206978e-228,36
"Plp1",2.73916542183395e-129,5.87029262080523,0.759,0.166,1.11248464442364e-124,36
"Lrrc23",0,8.75422965453732,1,0.013,0,37
"1700012B09Rik",0,9.41836400615422,0.981,0.007,0,37
"Odf3b",0,9.62358681405723,0.968,0.004,0,37
"Tm4sf1",0,9.05714387550885,0.968,0.006,0,37
"Fam166c",0,10.580736536291,0.955,0.002,0,37
"Spag17",0,8.90159773906636,0.929,0.007,0,37
"Gm16006",0,9.73388198087381,0.923,0.003,0,37
"Nme9",0,9.10347422565736,0.917,0.003,0,37
"Lrrc71",0,9.13926938365439,0.91,0.003,0,37
"Ccdc153",0,12.4516562392377,0.904,0.001,0,37
"Tmem212",0,11.4161281605225,0.891,0.002,0,37
"Zfp474",0,8.68647781305057,0.885,0.003,0,37
"Deup1",0,10.2325085628883,0.853,0.003,0,37
"Dnah3",0,9.39881989530103,0.827,0.003,0,37
"Spata18",0,10.4798227132408,0.821,0.001,0,37
"Frmpd2",0,10.0549995828018,0.808,0.001,0,37
"1700019G24Rik",0,10.2941017041326,0.801,0.001,0,37
"Trp73",0,8.75142711713033,0.801,0.002,0,37
"Tctex1d4",0,10.9216419970132,0.744,0.001,0,37
"BC051019",0,8.6671498731866,0.731,0.002,0,37
"Ccdc192",0,9.12015458388174,0.686,0.002,0,37
"Ccdc121",0,10.1248245929178,0.635,0,0,37
"Dlx4",0,12.2999366123731,0.628,0,0,37
"Gm12144",0,8.73808547796442,0.577,0.002,0,37
"Gm17225",0,9.42644589419396,0.545,0.001,0,37
"Zp3",0,8.67604038288785,0.538,0.002,0,37
"Ccno",0,9.10455971735986,0.526,0.004,0,37
"Rp1",0,9.24560290690529,0.519,0.001,0,37
"Gm33050",0,11.0576520636619,0.5,0,0,37
"Gm38256",0,9.21466667359304,0.474,0.002,0,37
"Cdc20b",0,10.630415950882,0.449,0.003,0,37
"Scn4b",0,10.0777516146754,0.429,0,0,37
"Musk",0,9.82000727317422,0.423,0.001,0,37
"Gm12695",0,9.63204678458545,0.417,0,0,37
"Prss43",0,9.06730407560592,0.41,0.001,0,37
"Dlx4os",0,11.3932905388331,0.404,0,0,37
"Klhdc7a",0,8.7995021156478,0.404,0.001,0,37
"Mcidas",0,9.51228482067716,0.359,0.001,0,37
"Prr29",0,9.93646890027646,0.34,0,0,37
"Gm48107",0,13.534637183464,0.314,0,0,37
"Gm16160",0,10.6357946646514,0.308,0,0,37
"Fam50b",0,9.02779502349335,0.301,0,0,37
"Anxa8",0,12.9535373998841,0.301,0,0,37
"Nags",0,9.49563038969406,0.295,0,0,37
"Tekt3",0,10.8100467686248,0.295,0,0,37
"Gm12162",0,8.79072951006081,0.288,0,0,37
"Apoc3",0,9.29851797058894,0.282,0,0,37
"D730003K21Rik",0,11.0877282850879,0.276,0,0,37
"Cdhr4",0,9.58588998134187,0.256,0,0,37
"Gm47888",0,9.27145257637948,0.256,0,0,37
